ITEM_CODE,ITEM_NAME_V,ITEM_GROUP1,ITEM_GROUP2,ITEM_GROUP3,ITEM_GROUP4,ITEM_GROUP5,GROUP15,DIAMETER1,DIAMETER2,THICKNESS,WIDTH,INV_DV
|0101011100|0.00|0.00|0.000|100.000,coil SLIT COIL  MP1,01,01,01,11,00,0101011100,0.0,0.0,0.0,100.0,
|0101011100|0.00|0.00|0.000|184.000,coil SLIT COIL  MP1,01,01,01,11,00,0101011100,0.0,0.0,0.0,184.0,
|0101011100|0.00|0.00|0.000|232.000,coil SLIT COIL  MP1,01,01,01,11,00,0101011100,0.0,0.0,0.0,232.0,
"|0101011300|0.00|0.00|0.000|1,185.000",coil COIL  MP2,01,01,01,13,00,0101011300,0.0,0.0,0.0,1185.0,
|0101011300|0.00|0.00|0.000|104.000,coil SLIT COIL  MP2,01,01,01,13,00,0101011300,0.0,0.0,0.0,104.0,
|0101011300|0.00|0.00|0.000|174.000,coil SLIT COIL  MP2,01,01,01,13,00,0101011300,0.0,0.0,0.0,174.0,
|0101011300|0.00|0.00|0.000|236.000,coil SLIT COIL  MP2,01,01,01,13,00,0101011300,0.0,0.0,0.0,236.0,
|0101011300|0.00|0.00|0.000|287.000,coil SLIT COIL  MP2,01,01,01,13,00,0101011300,0.0,0.0,0.0,287.0,
|0101011300|0.00|0.00|0.000|292.000,coil SLIT COIL  MP2,01,01,01,13,00,0101011300,0.0,0.0,0.0,292.0,
|0101011700|0.00|0.00|0.000|66.000,coil SLIT COIL  MP38,01,01,01,17,00,0101011700,0.0,0.0,0.0,66.0,
|0101011700|0.00|0.00|0.000|66.500,coil SLIT COIL  MP38,01,01,01,17,00,0101011700,0.0,0.0,0.0,66.5,*
|0101011700|0.00|0.00|0.000|940.000,coil COIL  MP38,01,01,01,17,00,0101011700,0.0,0.0,0.0,940.0,
"|0101020800|0.00|0.00|0.000|1,177.000",PO COIL  SPHT-3,01,01,02,08,00,0101020800,0.0,0.0,0.0,1177.0,
|0101020800|0.00|0.00|0.000|103.000,PO SLIT COIL  SPHT-3,01,01,02,08,00,0101020800,0.0,0.0,0.0,103.0,
|0101020800|0.00|0.00|0.000|148.500,PO SLIT COIL  SPHT-3,01,01,02,08,00,0101020800,0.0,0.0,0.0,148.5,
|0101021100|0.00|0.00|0.000|103.000,PO SLIT COIL  MP1,01,01,02,11,00,0101021100,0.0,0.0,0.0,103.0,
|0101021100|0.00|0.00|0.000|67.000,PO SLIT COIL  MP1,01,01,02,11,00,0101021100,0.0,0.0,0.0,67.0,
"|0101021400|0.00|0.00|0.000|1,050.000",PO COIL  MP3,01,01,02,14,00,0101021400,0.0,0.0,0.0,1050.0,
"|0101021400|0.00|0.00|0.000|1,051.000",PO COIL  MP3,01,01,02,14,00,0101021400,0.0,0.0,0.0,1051.0,
|0101021400|0.00|0.00|0.000|117.500,PO SLIT COIL  MP3,01,01,02,14,00,0101021400,0.0,0.0,0.0,117.5,
|0101021400|0.00|0.00|0.000|118.000,PO SLIT COIL  MP3,01,01,02,14,00,0101021400,0.0,0.0,0.0,118.0,
|0101021400|0.00|0.00|0.000|138.000,PO SLIT COIL  MP3,01,01,02,14,00,0101021400,0.0,0.0,0.0,138.0,
|0101021400|0.00|0.00|0.000|147.000,PO SLIT COIL  MP3,01,01,02,14,00,0101021400,0.0,0.0,0.0,147.0,
|0101021400|0.00|0.00|0.000|48.500,PO SLIT COIL  MP3,01,01,02,14,00,0101021400,0.0,0.0,0.0,48.5,
|0101021400|0.00|0.00|0.000|57.000,PO SLIT COIL  MP3,01,01,02,14,00,0101021400,0.0,0.0,0.0,57.0,
|0101021400|0.00|0.00|0.000|58.000,PO SLIT COIL  MP3,01,01,02,14,00,0101021400,0.0,0.0,0.0,58.0,
|0101021400|0.00|0.00|0.000|66.000,PO SLIT COIL  MP3,01,01,02,14,00,0101021400,0.0,0.0,0.0,66.0,
|0101021400|0.00|0.00|0.000|67.000,PO SLIT COIL  MP3,01,01,02,14,00,0101021400,0.0,0.0,0.0,67.0,
|0101021400|0.00|0.00|0.000|67.500,PO SLIT COIL  MP3,01,01,02,14,00,0101021400,0.0,0.0,0.0,67.5,
|0101021400|0.00|0.00|0.000|699.000,PO SLIT COIL  MP3,01,01,02,14,00,0101021400,0.0,0.0,0.0,699.0,
|0101021400|0.00|0.00|0.000|708.000,PO SLIT COIL  MP3,01,01,02,14,00,0101021400,0.0,0.0,0.0,708.0,
|0101021400|0.00|0.00|0.000|727.000,PO SLIT COIL  MP3,01,01,02,14,00,0101021400,0.0,0.0,0.0,727.0,
|0101021400|0.00|0.00|0.000|77.000,PO SLIT COIL  MP3,01,01,02,14,00,0101021400,0.0,0.0,0.0,77.0,
|0101021400|0.00|0.00|0.000|78.000,PO SLIT COIL  MP3,01,01,02,14,00,0101021400,0.0,0.0,0.0,78.0,
|0101021400|0.00|0.00|0.000|833.500,PO SLIT COIL  MP3,01,01,02,14,00,0101021400,0.0,0.0,0.0,833.5,
|0101021400|0.00|0.00|0.000|87.000,PO SLIT COIL  MP3,01,01,02,14,00,0101021400,0.0,0.0,0.0,87.0,
|0101021400|0.00|0.00|0.000|872.500,PO SLIT COIL  MP3,01,01,02,14,00,0101021400,0.0,0.0,0.0,872.5,*
|0101021400|0.00|0.00|0.000|940.000,PO COIL  MP3,01,01,02,14,00,0101021400,0.0,0.0,0.0,940.0,
|0101021400|0.00|0.00|0.000|941.000,PO COIL  MP3,01,01,02,14,00,0101021400,0.0,0.0,0.0,941.0,
|0101021400|0.00|0.00|0.000|950.000,PO COIL  MP3,01,01,02,14,00,0101021400,0.0,0.0,0.0,950.0,
|0101021400|0.00|0.00|0.000|953.000,PO COIL  MP3,01,01,02,14,00,0101021400,0.0,0.0,0.0,953.0,*
|0101021400|0.00|0.00|0.000|97.000,PO SLIT COIL  MP3,01,01,02,14,00,0101021400,0.0,0.0,0.0,97.0,
|0101021400|0.00|0.00|0.000|975.000,PO COIL  MP3,01,01,02,14,00,0101021400,0.0,0.0,0.0,975.0,
|0101021400|0.00|0.00|0.000|976.000,PO COIL  MP3,01,01,02,14,00,0101021400,0.0,0.0,0.0,976.0,
"|0101021700|0.00|0.00|0.000|1,000.000",PO COIL  MP38,01,01,02,17,00,0101021700,0.0,0.0,0.0,1000.0,
"|0101021700|0.00|0.00|0.000|1,030.000",PO COIL  MP38,01,01,02,17,00,0101021700,0.0,0.0,0.0,1030.0,
"|0101021700|0.00|0.00|0.000|1,040.000",PO COIL  MP38,01,01,02,17,00,0101021700,0.0,0.0,0.0,1040.0,
"|0101021700|0.00|0.00|0.000|1,050.000",PO COIL  MP38,01,01,02,17,00,0101021700,0.0,0.0,0.0,1050.0,
"|0101021700|0.00|0.00|0.000|1,120.000",PO COIL  MP38,01,01,02,17,00,0101021700,0.0,0.0,0.0,1120.0,
"|0101021700|0.00|0.00|0.000|1,130.000",PO COIL  MP38,01,01,02,17,00,0101021700,0.0,0.0,0.0,1130.0,
"|0101021700|0.00|0.00|0.000|1,160.000",PO COIL  MP38,01,01,02,17,00,0101021700,0.0,0.0,0.0,1160.0,
"|0101021700|0.00|0.00|0.000|1,219.000",PO COIL  MP38,01,01,02,17,00,0101021700,0.0,0.0,0.0,1219.0,
|0101021700|0.00|0.00|0.000|101.500,PO SLIT COIL  MP38,01,01,02,17,00,0101021700,0.0,0.0,0.0,101.5,
|0101021700|0.00|0.00|0.000|103.000,PO SLIT COIL  MP38,01,01,02,17,00,0101021700,0.0,0.0,0.0,103.0,
|0101021700|0.00|0.00|0.000|103.500,PO COIL  MP38,01,01,02,17,00,0101021700,0.0,0.0,0.0,103.5,*
|0101021700|0.00|0.00|0.000|104.000,PO SLIT COIL  MP38,01,01,02,17,00,0101021700,0.0,0.0,0.0,104.0,
|0101021700|0.00|0.00|0.000|104.500,PO SLIT COIL  MP38,01,01,02,17,00,0101021700,0.0,0.0,0.0,104.5,
|0101021700|0.00|0.00|0.000|105.000,PO SLIT COIL  MP38,01,01,02,17,00,0101021700,0.0,0.0,0.0,105.0,
|0101021700|0.00|0.00|0.000|114.000,PO SLIT COIL  MP38,01,01,02,17,00,0101021700,0.0,0.0,0.0,114.0,
|0101021700|0.00|0.00|0.000|115.000,PO SLIT COIL  MP38,01,01,02,17,00,0101021700,0.0,0.0,0.0,115.0,
|0101021700|0.00|0.00|0.000|115.500,PO SLIT COIL  MP38,01,01,02,17,00,0101021700,0.0,0.0,0.0,115.5,
|0101021700|0.00|0.00|0.000|116.000,PO SLIT COIL  MP38,01,01,02,17,00,0101021700,0.0,0.0,0.0,116.0,
|0101021700|0.00|0.00|0.000|116.500,PO SLIT COIL  MP38,01,01,02,17,00,0101021700,0.0,0.0,0.0,116.5,
|0101021700|0.00|0.00|0.000|117.000,PO SLIT COIL  MP38,01,01,02,17,00,0101021700,0.0,0.0,0.0,117.0,
|0101021700|0.00|0.00|0.000|123.500,PO SLIT COIL  MP38,01,01,02,17,00,0101021700,0.0,0.0,0.0,123.5,
|0101021700|0.00|0.00|0.000|124.000,PO SLIT COIL  MP38,01,01,02,17,00,0101021700,0.0,0.0,0.0,124.0,
|0101021700|0.00|0.00|0.000|125.000,PO SLIT COIL  MP38,01,01,02,17,00,0101021700,0.0,0.0,0.0,125.0,
|0101021700|0.00|0.00|0.000|127.000,PO SLIT COIL  MP38,01,01,02,17,00,0101021700,0.0,0.0,0.0,127.0,
|0101021700|0.00|0.00|0.000|127.500,PO SLIT COIL  MP38,01,01,02,17,00,0101021700,0.0,0.0,0.0,127.5,*
|0101021700|0.00|0.00|0.000|129.000,PO SLIT COIL  MP38,01,01,02,17,00,0101021700,0.0,0.0,0.0,129.0,
|0101021700|0.00|0.00|0.000|130.000,PO SLIT COIL  MP38,01,01,02,17,00,0101021700,0.0,0.0,0.0,130.0,
|0101021700|0.00|0.00|0.000|131.000,PO SLIT COIL  MP38,01,01,02,17,00,0101021700,0.0,0.0,0.0,131.0,
|0101021700|0.00|0.00|0.000|132.000,PO SLIT COIL  MP38,01,01,02,17,00,0101021700,0.0,0.0,0.0,132.0,
|0101021700|0.00|0.00|0.000|132.500,PO SLIT COIL  MP38,01,01,02,17,00,0101021700,0.0,0.0,0.0,132.5,
|0101021700|0.00|0.00|0.000|135.500,PO SLIT COIL  MP38,01,01,02,17,00,0101021700,0.0,0.0,0.0,135.5,
|0101021700|0.00|0.00|0.000|136.000,PO SLIT COIL  MP38,01,01,02,17,00,0101021700,0.0,0.0,0.0,136.0,
|0101021700|0.00|0.00|0.000|138.000,PO SLIT COIL  MP38,01,01,02,17,00,0101021700,0.0,0.0,0.0,138.0,
|0101021700|0.00|0.00|0.000|139.000,PO SLIT COIL  MP38,01,01,02,17,00,0101021700,0.0,0.0,0.0,139.0,
|0101021700|0.00|0.00|0.000|146.500,PO SLIT COIL  MP38,01,01,02,17,00,0101021700,0.0,0.0,0.0,146.5,
|0101021700|0.00|0.00|0.000|147.500,PO SLIT COIL  MP38,01,01,02,17,00,0101021700,0.0,0.0,0.0,147.5,
|0101021700|0.00|0.00|0.000|148.000,PO SLIT COIL  MP38,01,01,02,17,00,0101021700,0.0,0.0,0.0,148.0,
|0101021700|0.00|0.00|0.000|148.500,PO SLIT COIL  MP38,01,01,02,17,00,0101021700,0.0,0.0,0.0,148.5,
|0101021700|0.00|0.00|0.000|150.500,PO SLIT COIL  MP38,01,01,02,17,00,0101021700,0.0,0.0,0.0,150.5,
|0101021700|0.00|0.00|0.000|155.000,PO SLIT COIL  MP38,01,01,02,17,00,0101021700,0.0,0.0,0.0,155.0,
|0101021700|0.00|0.00|0.000|164.000,PO SLIT COIL  MP38,01,01,02,17,00,0101021700,0.0,0.0,0.0,164.0,
|0101021700|0.00|0.00|0.000|164.500,PO SLIT COIL  MP38,01,01,02,17,00,0101021700,0.0,0.0,0.0,164.5,
|0101021700|0.00|0.00|0.000|166.000,PO SLIT COIL  MP38,01,01,02,17,00,0101021700,0.0,0.0,0.0,166.0,
|0101021700|0.00|0.00|0.000|186.000,PO SLIT COIL  MP38,01,01,02,17,00,0101021700,0.0,0.0,0.0,186.0,
|0101021700|0.00|0.00|0.000|187.000,PO SLIT COIL  MP38,01,01,02,17,00,0101021700,0.0,0.0,0.0,187.0,
|0101021700|0.00|0.00|0.000|187.500,PO SLIT COIL  MP38,01,01,02,17,00,0101021700,0.0,0.0,0.0,187.5,
|0101021700|0.00|0.00|0.000|188.000,PO SLIT COIL  MP38,01,01,02,17,00,0101021700,0.0,0.0,0.0,188.0,
|0101021700|0.00|0.00|0.000|39.000,PO SLIT COIL  MP38,01,01,02,17,00,0101021700,0.0,0.0,0.0,39.0,
|0101021700|0.00|0.00|0.000|47.500,PO SLIT COIL  MP38,01,01,02,17,00,0101021700,0.0,0.0,0.0,47.5,
|0101021700|0.00|0.00|0.000|48.500,PO SLIT COIL  MP38,01,01,02,17,00,0101021700,0.0,0.0,0.0,48.5,
|0101021700|0.00|0.00|0.000|52.000,PO SLIT COIL  MP38,01,01,02,17,00,0101021700,0.0,0.0,0.0,52.0,
|0101021700|0.00|0.00|0.000|53.000,PO SLIT COIL  MP38,01,01,02,17,00,0101021700,0.0,0.0,0.0,53.0,
|0101021700|0.00|0.00|0.000|53.500,PO SLIT COIL  MP38,01,01,02,17,00,0101021700,0.0,0.0,0.0,53.5,
|0101021700|0.00|0.00|0.000|56.500,PO SLIT COIL  MP38,01,01,02,17,00,0101021700,0.0,0.0,0.0,56.5,
|0101021700|0.00|0.00|0.000|57.000,PO SLIT COIL  MP38,01,01,02,17,00,0101021700,0.0,0.0,0.0,57.0,
|0101021700|0.00|0.00|0.000|58.000,PO SLIT COIL  MP38,01,01,02,17,00,0101021700,0.0,0.0,0.0,58.0,
|0101021700|0.00|0.00|0.000|58.500,PO SLIT COIL  MP38,01,01,02,17,00,0101021700,0.0,0.0,0.0,58.5,
|0101021700|0.00|0.00|0.000|607.500,PO SLIT COIL  MP38,01,01,02,17,00,0101021700,0.0,0.0,0.0,607.5,
|0101021700|0.00|0.00|0.000|622.500,PO SLIT COIL  MP38,01,01,02,17,00,0101021700,0.0,0.0,0.0,622.5,
|0101021700|0.00|0.00|0.000|64.000,PO SLIT COIL  MP38,01,01,02,17,00,0101021700,0.0,0.0,0.0,64.0,
|0101021700|0.00|0.00|0.000|64.500,PO SLIT COIL  MP38,01,01,02,17,00,0101021700,0.0,0.0,0.0,64.5,
|0101021700|0.00|0.00|0.000|65.000,PO SLIT COIL  MP38,01,01,02,17,00,0101021700,0.0,0.0,0.0,65.0,
|0101021700|0.00|0.00|0.000|65.500,PO SLIT COIL  MP38,01,01,02,17,00,0101021700,0.0,0.0,0.0,65.5,
|0101021700|0.00|0.00|0.000|66.000,PO SLIT COIL  MP38,01,01,02,17,00,0101021700,0.0,0.0,0.0,66.0,
|0101021700|0.00|0.00|0.000|66.500,PO SLIT COIL  MP38,01,01,02,17,00,0101021700,0.0,0.0,0.0,66.5,
|0101021700|0.00|0.00|0.000|67.000,PO SLIT COIL  MP38,01,01,02,17,00,0101021700,0.0,0.0,0.0,67.0,
|0101021700|0.00|0.00|0.000|67.500,PO SLIT COIL  MP38,01,01,02,17,00,0101021700,0.0,0.0,0.0,67.5,
|0101021700|0.00|0.00|0.000|670.000,PO SLIT COIL  MP38,01,01,02,17,00,0101021700,0.0,0.0,0.0,670.0,
|0101021700|0.00|0.00|0.000|68.000,PO SLIT COIL  MP38,01,01,02,17,00,0101021700,0.0,0.0,0.0,68.0,
|0101021700|0.00|0.00|0.000|718.000,PO SLIT COIL  MP38,01,01,02,17,00,0101021700,0.0,0.0,0.0,718.0,
|0101021700|0.00|0.00|0.000|722.000,PO SLIT COIL  MP38,01,01,02,17,00,0101021700,0.0,0.0,0.0,722.0,
|0101021700|0.00|0.00|0.000|75.500,PO SLIT COIL  MP38,01,01,02,17,00,0101021700,0.0,0.0,0.0,75.5,
|0101021700|0.00|0.00|0.000|77.000,PO SLIT COIL  MP38,01,01,02,17,00,0101021700,0.0,0.0,0.0,77.0,
|0101021700|0.00|0.00|0.000|773.500,PO SLIT COIL  MP38,01,01,02,17,00,0101021700,0.0,0.0,0.0,773.5,
|0101021700|0.00|0.00|0.000|78.000,PO SLIT COIL  MP38,01,01,02,17,00,0101021700,0.0,0.0,0.0,78.0,
|0101021700|0.00|0.00|0.000|78.500,PO SLIT COIL  MP38,01,01,02,17,00,0101021700,0.0,0.0,0.0,78.5,
|0101021700|0.00|0.00|0.000|800.000,PO SLIT COIL  MP38,01,01,02,17,00,0101021700,0.0,0.0,0.0,800.0,
|0101021700|0.00|0.00|0.000|84.500,PO SLIT COIL  MP38,01,01,02,17,00,0101021700,0.0,0.0,0.0,84.5,
|0101021700|0.00|0.00|0.000|85.000,PO SLIT COIL  MP38,01,01,02,17,00,0101021700,0.0,0.0,0.0,85.0,
|0101021700|0.00|0.00|0.000|859.500,PO SLIT COIL  MP38,01,01,02,17,00,0101021700,0.0,0.0,0.0,859.5,
|0101021700|0.00|0.00|0.000|87.000,PO SLIT COIL  MP38,01,01,02,17,00,0101021700,0.0,0.0,0.0,87.0,
|0101021700|0.00|0.00|0.000|87.500,PO SLIT COIL  MP38,01,01,02,17,00,0101021700,0.0,0.0,0.0,87.5,
|0101021700|0.00|0.00|0.000|870.000,PO COIL  MP38,01,01,02,17,00,0101021700,0.0,0.0,0.0,870.0,
|0101021700|0.00|0.00|0.000|88.500,PO SLIT COIL  MP38,01,01,02,17,00,0101021700,0.0,0.0,0.0,88.5,
|0101021700|0.00|0.00|0.000|900.000,PO COIL  MP38,01,01,02,17,00,0101021700,0.0,0.0,0.0,900.0,
|0101021700|0.00|0.00|0.000|920.000,PO COIL  MP38,01,01,02,17,00,0101021700,0.0,0.0,0.0,920.0,
|0101021700|0.00|0.00|0.000|925.000,PO COIL  MP38,01,01,02,17,00,0101021700,0.0,0.0,0.0,925.0,
|0101021700|0.00|0.00|0.000|930.000,PO COIL  MP38,01,01,02,17,00,0101021700,0.0,0.0,0.0,930.0,
|0101021700|0.00|0.00|0.000|935.000,PO COIL  MP38,01,01,02,17,00,0101021700,0.0,0.0,0.0,935.0,
|0101021700|0.00|0.00|0.000|940.000,PO COIL  MP38,01,01,02,17,00,0101021700,0.0,0.0,0.0,940.0,
|0101021700|0.00|0.00|0.000|945.000,PO COIL  MP38,01,01,02,17,00,0101021700,0.0,0.0,0.0,945.0,
|0101021700|0.00|0.00|0.000|950.000,PO COIL  MP38,01,01,02,17,00,0101021700,0.0,0.0,0.0,950.0,
|0101021700|0.00|0.00|0.000|96.500,PO SLIT COIL  MP38,01,01,02,17,00,0101021700,0.0,0.0,0.0,96.5,
|0101021700|0.00|0.00|0.000|960.000,PO COIL  MP38,01,01,02,17,00,0101021700,0.0,0.0,0.0,960.0,
|0101021700|0.00|0.00|0.000|97.000,PO SLIT COIL  MP38,01,01,02,17,00,0101021700,0.0,0.0,0.0,97.0,
|0101021700|0.00|0.00|0.000|97.500,PO SLIT COIL  MP38,01,01,02,17,00,0101021700,0.0,0.0,0.0,97.5,
|0101021700|0.00|0.00|0.000|970.000,PO COIL  MP38,01,01,02,17,00,0101021700,0.0,0.0,0.0,970.0,
|0101021700|0.00|0.00|0.000|98.500,PO SLIT COIL  MP38,01,01,02,17,00,0101021700,0.0,0.0,0.0,98.5,
|0101021700|0.00|0.00|0.000|980.000,PO COIL  MP38,01,01,02,17,00,0101021700,0.0,0.0,0.0,980.0,
|0101021700|0.00|0.00|0.000|99.000,PO SLIT COIL  MP38,01,01,02,17,00,0101021700,0.0,0.0,0.0,99.0,
|0101021700|0.00|0.00|0.000|990.000,PO COIL  MP38,01,01,02,17,00,0101021700,0.0,0.0,0.0,990.0,
|0101021700|0.00|0.00|0.000|995.000,PO COIL  MP38,01,01,02,17,00,0101021700,0.0,0.0,0.0,995.0,
|0101021700|0.00|0.00|1.900|66.000,PO SLIT COIL  MP38,01,01,02,17,00,0101021700,0.0,0.0,1.9,66.0,*
|0101021700|0.00|0.00|3.500|146.500,PO SLIT COIL  MP38,01,01,02,17,00,0101021700,0.0,0.0,3.5,146.5,*
"|0101021800|0.00|0.00|0.000|1,030.000",PO COIL  MP45,01,01,02,18,00,0101021800,0.0,0.0,0.0,1030.0,
"|0101021800|0.00|0.00|0.000|1,180.000",PO COIL  MP45,01,01,02,18,00,0101021800,0.0,0.0,0.0,1180.0,
"|0101021900|0.00|0.00|0.000|1,000.000",PO COIL  MP-1D,01,01,02,19,00,0101021900,0.0,0.0,0.0,1000.0,
"|0101021900|0.00|0.00|0.000|1,025.000",PO COIL  MP-1D,01,01,02,19,00,0101021900,0.0,0.0,0.0,1025.0,
"|0101021900|0.00|0.00|0.000|1,030.000",PO COIL  MP-1D,01,01,02,19,00,0101021900,0.0,0.0,0.0,1030.0,
|0101021900|0.00|0.00|0.000|101.500,PO SLIT COIL  MP-1D,01,01,02,19,00,0101021900,0.0,0.0,0.0,101.5,
|0101021900|0.00|0.00|0.000|127.000,PO SLIT COIL  MP-1D,01,01,02,19,00,0101021900,0.0,0.0,0.0,127.0,
|0101021900|0.00|0.00|0.000|146.500,PO SLIT COIL  MP-1D,01,01,02,19,00,0101021900,0.0,0.0,0.0,146.5,
"|0101022000|0.00|0.00|0.000|1,003.000",PO SLIT COIL  MP-1M,01,01,02,20,00,0101022000,0.0,0.0,0.0,1003.0,*
"|0101022000|0.00|0.00|0.000|1,020.000",PO COIL  MP-1M,01,01,02,20,00,0101022000,0.0,0.0,0.0,1020.0,
"|0101022000|0.00|0.00|0.000|1,025.000",PO COIL  MP-1M,01,01,02,20,00,0101022000,0.0,0.0,0.0,1025.0,*
"|0101022000|0.00|0.00|0.000|1,030.000",PO COIL  MP-1M,01,01,02,20,00,0101022000,0.0,0.0,0.0,1030.0,
"|0101022000|0.00|0.00|0.000|1,035.000",PO COIL  MP-1M,01,01,02,20,00,0101022000,0.0,0.0,0.0,1035.0,
"|0101022000|0.00|0.00|0.000|1,040.000",PO COIL  MP-1M,01,01,02,20,00,0101022000,0.0,0.0,0.0,1040.0,
"|0101022000|0.00|0.00|0.000|1,050.000",PO COIL  MP-1M,01,01,02,20,00,0101022000,0.0,0.0,0.0,1050.0,
"|0101022000|0.00|0.00|0.000|1,070.000",PO COIL  MP-1M,01,01,02,20,00,0101022000,0.0,0.0,0.0,1070.0,
"|0101022000|0.00|0.00|0.000|1,075.000",PO COIL  MP-1M,01,01,02,20,00,0101022000,0.0,0.0,0.0,1075.0,
"|0101022000|0.00|0.00|0.000|1,120.000",PO COIL  MP-1M,01,01,02,20,00,0101022000,0.0,0.0,0.0,1120.0,
"|0101022000|0.00|0.00|0.000|1,150.000",PO COIL  MP-1M,01,01,02,20,00,0101022000,0.0,0.0,0.0,1150.0,
"|0101022000|0.00|0.00|0.000|1,214.000",PO COIL  MP-1M,01,01,02,20,00,0101022000,0.0,0.0,0.0,1214.0,
"|0101022000|0.00|0.00|0.000|1,219.000",PO COIL  MP-1M,01,01,02,20,00,0101022000,0.0,0.0,0.0,1219.0,
|0101022000|0.00|0.00|0.000|103.000,PO SLIT COIL  MP-1M,01,01,02,20,00,0101022000,0.0,0.0,0.0,103.0,
|0101022000|0.00|0.00|0.000|108.500,PO SLIT COIL  MP-1M,01,01,02,20,00,0101022000,0.0,0.0,0.0,108.5,
|0101022000|0.00|0.00|0.000|115.000,PO SLIT COIL  MP-1M,01,01,02,20,00,0101022000,0.0,0.0,0.0,115.0,
|0101022000|0.00|0.00|0.000|115.500,PO SLIT COIL  MP-1M,01,01,02,20,00,0101022000,0.0,0.0,0.0,115.5,
|0101022000|0.00|0.00|0.000|116.000,PO SLIT COIL  MP-1M,01,01,02,20,00,0101022000,0.0,0.0,0.0,116.0,
|0101022000|0.00|0.00|0.000|116.500,PO SLIT COIL  MP-1M,01,01,02,20,00,0101022000,0.0,0.0,0.0,116.5,
|0101022000|0.00|0.00|0.000|117.000,PO SLIT COIL  MP-1M,01,01,02,20,00,0101022000,0.0,0.0,0.0,117.0,
|0101022000|0.00|0.00|0.000|117.500,PO SLIT COIL  MP-1M,01,01,02,20,00,0101022000,0.0,0.0,0.0,117.5,*
|0101022000|0.00|0.00|0.000|127.000,PO SLIT COIL  MP-1M,01,01,02,20,00,0101022000,0.0,0.0,0.0,127.0,*
|0101022000|0.00|0.00|0.000|128.000,PO SLIT COIL  MP-1M,01,01,02,20,00,0101022000,0.0,0.0,0.0,128.0,
|0101022000|0.00|0.00|0.000|128.500,PO SLIT COIL  MP-1M,01,01,02,20,00,0101022000,0.0,0.0,0.0,128.5,
|0101022000|0.00|0.00|0.000|131.000,PO SLIT COIL  MP-1M,01,01,02,20,00,0101022000,0.0,0.0,0.0,131.0,
|0101022000|0.00|0.00|0.000|132.000,PO SLIT COIL  MP-1M,01,01,02,20,00,0101022000,0.0,0.0,0.0,132.0,
|0101022000|0.00|0.00|0.000|136.000,PO SLIT COIL  MP-1M,01,01,02,20,00,0101022000,0.0,0.0,0.0,136.0,
|0101022000|0.00|0.00|0.000|139.000,PO SLIT COIL  MP-1M,01,01,02,20,00,0101022000,0.0,0.0,0.0,139.0,
|0101022000|0.00|0.00|0.000|146.500,PO SLIT COIL  MP-1M,01,01,02,20,00,0101022000,0.0,0.0,0.0,146.5,
|0101022000|0.00|0.00|0.000|147.000,PO SLIT COIL  MP-1M,01,01,02,20,00,0101022000,0.0,0.0,0.0,147.0,
|0101022000|0.00|0.00|0.000|147.500,PO SLIT COIL  MP-1M,01,01,02,20,00,0101022000,0.0,0.0,0.0,147.5,
|0101022000|0.00|0.00|0.000|148.500,PO SLIT COIL  MP-1M,01,01,02,20,00,0101022000,0.0,0.0,0.0,148.5,
|0101022000|0.00|0.00|0.000|150.500,PO SLIT COIL  MP-1M,01,01,02,20,00,0101022000,0.0,0.0,0.0,150.5,
|0101022000|0.00|0.00|0.000|154.000,PO SLIT COIL  MP-1M,01,01,02,20,00,0101022000,0.0,0.0,0.0,154.0,
|0101022000|0.00|0.00|0.000|156.000,PO SLIT COIL  MP-1M,01,01,02,20,00,0101022000,0.0,0.0,0.0,156.0,
|0101022000|0.00|0.00|0.000|157.000,PO SLIT COIL  MP-1M,01,01,02,20,00,0101022000,0.0,0.0,0.0,157.0,
|0101022000|0.00|0.00|0.000|184.000,PO SLIT COIL  MP-1M,01,01,02,20,00,0101022000,0.0,0.0,0.0,184.0,
|0101022000|0.00|0.00|0.000|185.000,PO SLIT COIL  MP-1M,01,01,02,20,00,0101022000,0.0,0.0,0.0,185.0,
|0101022000|0.00|0.00|0.000|188.000,PO SLIT COIL  MP-1M,01,01,02,20,00,0101022000,0.0,0.0,0.0,188.0,
|0101022000|0.00|0.00|0.000|198.500,PO SLIT COIL  MP-1M,01,01,02,20,00,0101022000,0.0,0.0,0.0,198.5,
|0101022000|0.00|0.00|0.000|237.500,PO SLIT COIL  MP-1M,01,01,02,20,00,0101022000,0.0,0.0,0.0,237.5,
|0101022000|0.00|0.00|0.000|350.000,PO SLIT COIL  MP-1M,01,01,02,20,00,0101022000,0.0,0.0,0.0,350.0,
|0101022000|0.00|0.00|0.000|37.500,PO SLIT COIL  MP-1M,01,01,02,20,00,0101022000,0.0,0.0,0.0,37.5,
|0101022000|0.00|0.00|0.000|39.000,PO SLIT COIL  MP-1M,01,01,02,20,00,0101022000,0.0,0.0,0.0,39.0,
|0101022000|0.00|0.00|0.000|405.500,PO SLIT COIL  MP-1M,01,01,02,20,00,0101022000,0.0,0.0,0.0,405.5,*
|0101022000|0.00|0.00|0.000|42.500,PO SLIT COIL  MP-1M,01,01,02,20,00,0101022000,0.0,0.0,0.0,42.5,
|0101022000|0.00|0.00|0.000|46.500,PO SLIT COIL  MP-1M,01,01,02,20,00,0101022000,0.0,0.0,0.0,46.5,
|0101022000|0.00|0.00|0.000|47.000,PO SLIT COIL  MP-1M,01,01,02,20,00,0101022000,0.0,0.0,0.0,47.0,
|0101022000|0.00|0.00|0.000|47.500,PO SLIT COIL  MP-1M,01,01,02,20,00,0101022000,0.0,0.0,0.0,47.5,
|0101022000|0.00|0.00|0.000|48.500,PO SLIT COIL  MP-1M,01,01,02,20,00,0101022000,0.0,0.0,0.0,48.5,
|0101022000|0.00|0.00|0.000|51.000,PO SLIT COIL  MP-1M,01,01,02,20,00,0101022000,0.0,0.0,0.0,51.0,
|0101022000|0.00|0.00|0.000|55.500,PO SLIT COIL  MP-1M,01,01,02,20,00,0101022000,0.0,0.0,0.0,55.5,
|0101022000|0.00|0.00|0.000|56.500,PO SLIT COIL  MP-1M,01,01,02,20,00,0101022000,0.0,0.0,0.0,56.5,
|0101022000|0.00|0.00|0.000|57.000,PO SLIT COIL  MP-1M,01,01,02,20,00,0101022000,0.0,0.0,0.0,57.0,
|0101022000|0.00|0.00|0.000|576.000,PO SLIT COIL  MP-1M,01,01,02,20,00,0101022000,0.0,0.0,0.0,576.0,
|0101022000|0.00|0.00|0.000|58.000,PO SLIT COIL  MP-1M,01,01,02,20,00,0101022000,0.0,0.0,0.0,58.0,
|0101022000|0.00|0.00|0.000|58.500,PO SLIT COIL  MP-1M,01,01,02,20,00,0101022000,0.0,0.0,0.0,58.5,
|0101022000|0.00|0.00|0.000|652.500,PO SLIT COIL  MP-1M,01,01,02,20,00,0101022000,0.0,0.0,0.0,652.5,
|0101022000|0.00|0.00|0.000|655.000,PO SLIT COIL  MP-1M,01,01,02,20,00,0101022000,0.0,0.0,0.0,655.0,
|0101022000|0.00|0.00|0.000|66.000,PO SLIT COIL  MP-1M,01,01,02,20,00,0101022000,0.0,0.0,0.0,66.0,
|0101022000|0.00|0.00|0.000|66.500,PO SLIT COIL  MP-1M,01,01,02,20,00,0101022000,0.0,0.0,0.0,66.5,
|0101022000|0.00|0.00|0.000|67.000,PO SLIT COIL  MP-1M,01,01,02,20,00,0101022000,0.0,0.0,0.0,67.0,
|0101022000|0.00|0.00|0.000|67.500,PO SLIT COIL  MP-1M,01,01,02,20,00,0101022000,0.0,0.0,0.0,67.5,
|0101022000|0.00|0.00|0.000|68.000,PO SLIT COIL  MP-1M,01,01,02,20,00,0101022000,0.0,0.0,0.0,68.0,
|0101022000|0.00|0.00|0.000|730.000,PO SLIT COIL  MP-1M,01,01,02,20,00,0101022000,0.0,0.0,0.0,730.0,
|0101022000|0.00|0.00|0.000|74.000,PO SLIT COIL  MP-1M,01,01,02,20,00,0101022000,0.0,0.0,0.0,74.0,
|0101022000|0.00|0.00|0.000|747.000,PO SLIT COIL  MP-1M,01,01,02,20,00,0101022000,0.0,0.0,0.0,747.0,
|0101022000|0.00|0.00|0.000|75.000,PO SLIT COIL  MP-1M,01,01,02,20,00,0101022000,0.0,0.0,0.0,75.0,
|0101022000|0.00|0.00|0.000|75.500,PO SLIT COIL  MP-1M,01,01,02,20,00,0101022000,0.0,0.0,0.0,75.5,
|0101022000|0.00|0.00|0.000|77.000,PO SLIT COIL  MP-1M,01,01,02,20,00,0101022000,0.0,0.0,0.0,77.0,
|0101022000|0.00|0.00|0.000|770.000,PO SLIT COIL  MP-1M,01,01,02,20,00,0101022000,0.0,0.0,0.0,770.0,
|0101022000|0.00|0.00|0.000|78.000,PO SLIT COIL  MP-1M,01,01,02,20,00,0101022000,0.0,0.0,0.0,78.0,
|0101022000|0.00|0.00|0.000|813.000,PO SLIT COIL  MP-1M,01,01,02,20,00,0101022000,0.0,0.0,0.0,813.0,
|0101022000|0.00|0.00|0.000|825.500,PO SLIT COIL  MP-1M,01,01,02,20,00,0101022000,0.0,0.0,0.0,825.5,*
|0101022000|0.00|0.00|0.000|84.500,PO SLIT COIL  MP-1M,01,01,02,20,00,0101022000,0.0,0.0,0.0,84.5,
|0101022000|0.00|0.00|0.000|85.000,PO SLIT COIL  MP-1M,01,01,02,20,00,0101022000,0.0,0.0,0.0,85.0,
|0101022000|0.00|0.00|0.000|85.500,PO SLIT COIL  MP-1M,01,01,02,20,00,0101022000,0.0,0.0,0.0,85.5,
|0101022000|0.00|0.00|0.000|87.000,PO SLIT COIL  MP-1M,01,01,02,20,00,0101022000,0.0,0.0,0.0,87.0,
|0101022000|0.00|0.00|0.000|87.500,PO SLIT COIL  MP-1M,01,01,02,20,00,0101022000,0.0,0.0,0.0,87.5,
|0101022000|0.00|0.00|0.000|881.000,PO SLIT COIL  MP-1M,01,01,02,20,00,0101022000,0.0,0.0,0.0,881.0,
|0101022000|0.00|0.00|0.000|925.000,PO COIL  MP-1M,01,01,02,20,00,0101022000,0.0,0.0,0.0,925.0,
|0101022000|0.00|0.00|0.000|93.000,PO SLIT COIL  MP-1M,01,01,02,20,00,0101022000,0.0,0.0,0.0,93.0,
|0101022000|0.00|0.00|0.000|930.000,PO COIL  MP-1M,01,01,02,20,00,0101022000,0.0,0.0,0.0,930.0,
|0101022000|0.00|0.00|0.000|937.000,PO SLIT COIL  MP-1M,01,01,02,20,00,0101022000,0.0,0.0,0.0,937.0,
|0101022000|0.00|0.00|0.000|940.000,PO COIL  MP-1M,01,01,02,20,00,0101022000,0.0,0.0,0.0,940.0,
|0101022000|0.00|0.00|0.000|945.000,PO COIL  MP-1M,01,01,02,20,00,0101022000,0.0,0.0,0.0,945.0,
|0101022000|0.00|0.00|0.000|95.000,PO SLIT COIL  MP-1M,01,01,02,20,00,0101022000,0.0,0.0,0.0,95.0,
|0101022000|0.00|0.00|0.000|950.000,PO COIL  MP-1M,01,01,02,20,00,0101022000,0.0,0.0,0.0,950.0,
|0101022000|0.00|0.00|0.000|96.500,PO SLIT COIL  MP-1M,01,01,02,20,00,0101022000,0.0,0.0,0.0,96.5,
|0101022000|0.00|0.00|0.000|965.000,PO COIL  MP-1M,01,01,02,20,00,0101022000,0.0,0.0,0.0,965.0,
|0101022000|0.00|0.00|0.000|97.000,PO SLIT COIL  MP-1M,01,01,02,20,00,0101022000,0.0,0.0,0.0,97.0,
|0101022000|0.00|0.00|0.000|970.000,PO COIL  MP-1M,01,01,02,20,00,0101022000,0.0,0.0,0.0,970.0,
|0101022000|0.00|0.00|0.000|984.000,PO SLIT COIL  MP-1M,01,01,02,20,00,0101022000,0.0,0.0,0.0,984.0,
|0101022000|0.00|0.00|0.000|99.000,PO SLIT COIL  MP-1M,01,01,02,20,00,0101022000,0.0,0.0,0.0,99.0,
|0101022000|0.00|0.00|0.000|990.000,PO COIL  MP-1M,01,01,02,20,00,0101022000,0.0,0.0,0.0,990.0,
|0101022000|0.00|0.00|13.000|0.000,PO SLIT COIL  MP-1M,01,01,02,20,00,0101022000,0.0,0.0,13.0,0.0,*
|0101022000|0.00|0.00|2.000|237.500,PO SLIT COIL  MP-1M,01,01,02,20,00,0101022000,0.0,0.0,2.0,237.5,*
|0101022000|0.00|0.00|2.600|0.000,PO SLIT COIL  MP-1M,01,01,02,20,00,0101022000,0.0,0.0,2.6,0.0,*
|0101022000|0.00|0.00|4.000|93.000,PO SLIT COIL  MP-1M,01,01,02,20,00,0101022000,0.0,0.0,4.0,93.0,*
|0101022000|0.00|0.00|67.000|0.000,PO SLIT COIL  MP-1M,01,01,02,20,00,0101022000,0.0,0.0,67.0,0.0,*
"|0101022500|0.00|0.00|0.000|1,050.000",PO COIL  JFE-HA540R,01,01,02,25,00,0101022500,0.0,0.0,0.0,1050.0,
"|0101022500|0.00|0.00|0.000|1,150.000",PO COIL  JFE-HA540R,01,01,02,25,00,0101022500,0.0,0.0,0.0,1150.0,
|0101022500|0.00|0.00|0.000|105.000,PO SLIT COIL  JFE-HA540R,01,01,02,25,00,0101022500,0.0,0.0,0.0,105.0,
|0101022500|0.00|0.00|0.000|105.500,PO SLIT COIL  JFE-HA540R,01,01,02,25,00,0101022500,0.0,0.0,0.0,105.5,
|0101022500|0.00|0.00|0.000|106.500,PO SLIT COIL  JFE-HA540R,01,01,02,25,00,0101022500,0.0,0.0,0.0,106.5,
|0101022500|0.00|0.00|0.000|127.500,PO SLIT COIL  JFE-HA540R,01,01,02,25,00,0101022500,0.0,0.0,0.0,127.5,
|0101022500|0.00|0.00|0.000|129.000,PO SLIT COIL  JFE-HA540R,01,01,02,25,00,0101022500,0.0,0.0,0.0,129.0,
|0101022500|0.00|0.00|0.000|153.000,PO SLIT COIL  JFE-HA540R,01,01,02,25,00,0101022500,0.0,0.0,0.0,153.0,
|0101022500|0.00|0.00|0.000|153.500,PO SLIT COIL  JFE-HA540R,01,01,02,25,00,0101022500,0.0,0.0,0.0,153.5,
|0101022500|0.00|0.00|0.000|154.000,PO SLIT COIL  JFE-HA540R,01,01,02,25,00,0101022500,0.0,0.0,0.0,154.0,
|0101022500|0.00|0.00|0.000|155.000,PO SLIT COIL  JFE-HA540R,01,01,02,25,00,0101022500,0.0,0.0,0.0,155.0,
|0101022500|0.00|0.00|0.000|156.000,PO SLIT COIL  JFE-HA540R,01,01,02,25,00,0101022500,0.0,0.0,0.0,156.0,*
|0101022500|0.00|0.00|0.000|188.000,PO SLIT COIL  JFE-HA540R,01,01,02,25,00,0101022500,0.0,0.0,0.0,188.0,
|0101022500|0.00|0.00|0.000|497.000,PO SLIT COIL  JFE-HA540R,01,01,02,25,00,0101022500,0.0,0.0,0.0,497.0,
|0101022500|0.00|0.00|0.000|57.000,PO SLIT COIL  JFE-HA540R,01,01,02,25,00,0101022500,0.0,0.0,0.0,57.0,
|0101022500|0.00|0.00|0.000|58.000,PO SLIT COIL  JFE-HA540R,01,01,02,25,00,0101022500,0.0,0.0,0.0,58.0,
|0101022500|0.00|0.00|0.000|604.500,PO SLIT COIL  JFE-HA540R,01,01,02,25,00,0101022500,0.0,0.0,0.0,604.5,
|0101022500|0.00|0.00|0.000|628.000,PO COIL  JFE-HA540R,01,01,02,25,00,0101022500,0.0,0.0,0.0,628.0,
|0101022500|0.00|0.00|0.000|66.000,PO SLIT COIL  JFE-HA540R,01,01,02,25,00,0101022500,0.0,0.0,0.0,66.0,
|0101022500|0.00|0.00|0.000|67.000,PO SLIT COIL  JFE-HA540R,01,01,02,25,00,0101022500,0.0,0.0,0.0,67.0,
|0101022500|0.00|0.00|0.000|67.500,PO SLIT COIL  JFE-HA540R,01,01,02,25,00,0101022500,0.0,0.0,0.0,67.5,
|0101022500|0.00|0.00|0.000|682.000,PO SLIT COIL  JFE-HA540R,01,01,02,25,00,0101022500,0.0,0.0,0.0,682.0,
|0101022500|0.00|0.00|0.000|741.000,PO SLIT COIL  JFE-HA540R,01,01,02,25,00,0101022500,0.0,0.0,0.0,741.0,
|0101022500|0.00|0.00|0.000|75.500,PO SLIT COIL  JFE-HA540R,01,01,02,25,00,0101022500,0.0,0.0,0.0,75.5,
|0101022500|0.00|0.00|0.000|750.000,PO COIL  JFE-HA540R,01,01,02,25,00,0101022500,0.0,0.0,0.0,750.0,
|0101022500|0.00|0.00|0.000|756.000,PO SLIT COIL  JFE-HA540R,01,01,02,25,00,0101022500,0.0,0.0,0.0,756.0,*
|0101022500|0.00|0.00|0.000|757.000,PO SLIT COIL  JFE-HA540R,01,01,02,25,00,0101022500,0.0,0.0,0.0,757.0,
|0101022500|0.00|0.00|0.000|76.500,PO SLIT COIL  JFE-HA540R,01,01,02,25,00,0101022500,0.0,0.0,0.0,76.5,
|0101022500|0.00|0.00|0.000|761.000,PO SLIT COIL  JFE-HA540R,01,01,02,25,00,0101022500,0.0,0.0,0.0,761.0,
|0101022500|0.00|0.00|0.000|77.000,PO SLIT COIL  JFE-HA540R,01,01,02,25,00,0101022500,0.0,0.0,0.0,77.0,
|0101022500|0.00|0.00|0.000|78.000,PO SLIT COIL  JFE-HA540R,01,01,02,25,00,0101022500,0.0,0.0,0.0,78.0,
|0101022500|0.00|0.00|0.000|793.000,PO SLIT COIL  JFE-HA540R,01,01,02,25,00,0101022500,0.0,0.0,0.0,793.0,
|0101022500|0.00|0.00|0.000|800.000,PO COIL  JFE-HA540R,01,01,02,25,00,0101022500,0.0,0.0,0.0,800.0,
|0101022500|0.00|0.00|0.000|85.000,PO SLIT COIL  JFE-HA540R,01,01,02,25,00,0101022500,0.0,0.0,0.0,85.0,
|0101022500|0.00|0.00|0.000|85.500,PO SLIT COIL  JFE-HA540R,01,01,02,25,00,0101022500,0.0,0.0,0.0,85.5,
|0101022500|0.00|0.00|0.000|850.000,PO COIL  JFE-HA540R,01,01,02,25,00,0101022500,0.0,0.0,0.0,850.0,
|0101022500|0.00|0.00|0.000|860.000,PO COIL  JFE-HA540R,01,01,02,25,00,0101022500,0.0,0.0,0.0,860.0,
|0101022500|0.00|0.00|0.000|862.000,PO SLIT COIL  JFE-HA540R,01,01,02,25,00,0101022500,0.0,0.0,0.0,862.0,
|0101022500|0.00|0.00|0.000|87.500,PO SLIT COIL  JFE-HA540R,01,01,02,25,00,0101022500,0.0,0.0,0.0,87.5,
|0101022500|0.00|0.00|0.000|870.000,PO COIL  JFE-HA540R,01,01,02,25,00,0101022500,0.0,0.0,0.0,870.0,
|0101022500|0.00|0.00|0.000|874.500,PO SLIT COIL  JFE-HA540R,01,01,02,25,00,0101022500,0.0,0.0,0.0,874.5,
|0101022500|0.00|0.00|0.000|930.000,PO COIL  JFE-HA540R,01,01,02,25,00,0101022500,0.0,0.0,0.0,930.0,
|0101022500|0.00|0.00|0.000|94.500,PO SLIT COIL  JFE-HA540R,01,01,02,25,00,0101022500,0.0,0.0,0.0,94.5,
|0101022500|0.00|0.00|0.000|950.000,PO COIL  JFE-HA540R,01,01,02,25,00,0101022500,0.0,0.0,0.0,950.0,
|0101022500|0.00|0.00|0.000|960.000,PO COIL  JFE-HA540R,01,01,02,25,00,0101022500,0.0,0.0,0.0,960.0,
|0101022500|0.00|0.00|0.000|97.000,PO SLIT COIL  JFE-HA540R,01,01,02,25,00,0101022500,0.0,0.0,0.0,97.0,
|0101022500|0.00|0.00|0.000|98.500,PO SLIT COIL  JFE-HA540R,01,01,02,25,00,0101022500,0.0,0.0,0.0,98.5,
|0101022500|0.00|0.00|2.500|850.000,PO COIL  JFE-HA540R,01,01,02,25,00,0101022500,0.0,0.0,2.5,850.0,*
|0101022600|0.00|0.00|0.000|118.000,PO SLIT COIL  JFE-HA590R,01,01,02,26,00,0101022600,0.0,0.0,0.0,118.0,
|0101022600|0.00|0.00|0.000|628.000,PO SLIT COIL  JFE-HA590R,01,01,02,26,00,0101022600,0.0,0.0,0.0,628.0,
|0101022600|0.00|0.00|0.000|78.000,PO SLIT COIL  JFE-HA590R,01,01,02,26,00,0101022600,0.0,0.0,0.0,78.0,
|0101022600|0.00|0.00|0.000|822.000,PO SLIT COIL  JFE-HA590R,01,01,02,26,00,0101022600,0.0,0.0,0.0,822.0,
|0101022600|0.00|0.00|0.000|940.000,PO COIL  JFE-HA590R,01,01,02,26,00,0101022600,0.0,0.0,0.0,940.0,
"|0101030100|0.00|0.00|0.000|1,000.000",CR COIL  JFE-CC,01,01,03,01,00,0101030100,0.0,0.0,0.0,1000.0,
"|0101030100|0.00|0.00|0.000|1,050.000",CR COIL  JFE-CC,01,01,03,01,00,0101030100,0.0,0.0,0.0,1050.0,
|0101030100|0.00|0.00|0.000|109.500,CR SLIT COIL  JFE-CC,01,01,03,01,00,0101030100,0.0,0.0,0.0,109.5,
|0101030100|0.00|0.00|0.000|119.000,CR SLIT COIL  JFE-CC,01,01,03,01,00,0101030100,0.0,0.0,0.0,119.0,
|0101030100|0.00|0.00|0.000|141.000,CR SLIT COIL  JFE-CC,01,01,03,01,00,0101030100,0.0,0.0,0.0,141.0,
|0101030100|0.00|0.00|0.000|49.000,CR SLIT COIL  JFE-CC,01,01,03,01,00,0101030100,0.0,0.0,0.0,49.0,
|0101030100|0.00|0.00|0.000|59.000,CR SLIT COIL  JFE-CC,01,01,03,01,00,0101030100,0.0,0.0,0.0,59.0,
|0101030100|0.00|0.00|0.000|59.500,CR SLIT COIL  JFE-CC,01,01,03,01,00,0101030100,0.0,0.0,0.0,59.5,
|0101030100|0.00|0.00|0.000|69.000,CR SLIT COIL  JFE-CC,01,01,03,01,00,0101030100,0.0,0.0,0.0,69.0,
|0101030100|0.00|0.00|0.000|69.500,CR SLIT COIL  JFE-CC,01,01,03,01,00,0101030100,0.0,0.0,0.0,69.5,
|0101030100|0.00|0.00|0.000|713.000,CR SLIT COIL  JFE-CC,01,01,03,01,00,0101030100,0.0,0.0,0.0,713.0,
|0101030100|0.00|0.00|0.000|722.000,CR SLIT COIL  JFE-CC,01,01,03,01,00,0101030100,0.0,0.0,0.0,722.0,
|0101030100|0.00|0.00|0.000|79.000,CR SLIT COIL  JFE-CC,01,01,03,01,00,0101030100,0.0,0.0,0.0,79.0,
|0101030100|0.00|0.00|0.000|854.000,CR SLIT COIL  JFE-CC,01,01,03,01,00,0101030100,0.0,0.0,0.0,854.0,
|0101030100|0.00|0.00|0.000|89.000,CR SLIT COIL  JFE-CC,01,01,03,01,00,0101030100,0.0,0.0,0.0,89.0,
|0101030100|0.00|0.00|0.000|89.500,CR SLIT COIL  JFE-CC,01,01,03,01,00,0101030100,0.0,0.0,0.0,89.5,
|0101030100|0.00|0.00|0.000|960.000,CR COIL  JFE-CC,01,01,03,01,00,0101030100,0.0,0.0,0.0,960.0,
|0101030100|0.00|0.00|1.200|69.000,CR SLIT COIL  JFE-CC,01,01,03,01,00,0101030100,0.0,0.0,1.2,69.0,*
|0101030100|0.00|0.00|1.200|79.000,CR SLIT COIL  JFE-CC,01,01,03,01,00,0101030100,0.0,0.0,1.2,79.0,*
"|0101030200|0.00|0.00|0.000|1,000.000",CR COIL  SPCC-SD,01,01,03,02,00,0101030200,0.0,0.0,0.0,1000.0,
"|0101030200|0.00|0.00|0.000|1,040.000",CR COIL  SPCC-SD,01,01,03,02,00,0101030200,0.0,0.0,0.0,1040.0,
"|0101030200|0.00|0.00|0.000|1,050.000",CR COIL  SPCC-SD,01,01,03,02,00,0101030200,0.0,0.0,0.0,1050.0,
|0101030200|0.00|0.00|0.000|100.000,CR SLIT COIL  SPCC-SD,01,01,03,02,00,0101030200,0.0,0.0,0.0,100.0,
|0101030200|0.00|0.00|0.000|141.000,CR SLIT COIL  SPCC-SD,01,01,03,02,00,0101030200,0.0,0.0,0.0,141.0,
|0101030200|0.00|0.00|0.000|59.500,CR SLIT COIL  SPCC-SD,01,01,03,02,00,0101030200,0.0,0.0,0.0,59.5,
|0101030200|0.00|0.00|0.000|683.000,CR SLIT COIL  SPCC-SD,01,01,03,02,00,0101030200,0.0,0.0,0.0,683.0,
|0101030200|0.00|0.00|0.000|69.000,CR SLIT COIL  SPCC-SD,01,01,03,02,00,0101030200,0.0,0.0,0.0,69.0,
|0101030200|0.00|0.00|0.000|69.500,CR SLIT COIL  SPCC-SD,01,01,03,02,00,0101030200,0.0,0.0,0.0,69.5,
|0101030200|0.00|0.00|0.000|79.000,CR SLIT COIL  SPCC-SD,01,01,03,02,00,0101030200,0.0,0.0,0.0,79.0,
|0101030200|0.00|0.00|0.000|79.500,CR SLIT COIL  SPCC-SD,01,01,03,02,00,0101030200,0.0,0.0,0.0,79.5,
|0101030200|0.00|0.00|0.000|89.000,CR SLIT COIL  SPCC-SD,01,01,03,02,00,0101030200,0.0,0.0,0.0,89.0,
|0101030200|0.00|0.00|0.000|89.500,CR SLIT COIL  SPCC-SD,01,01,03,02,00,0101030200,0.0,0.0,0.0,89.5,
|0101031000|0.00|0.00|0.000|119.000,CR SLIT COIL  JFE-CA370,01,01,03,10,00,0101031000,0.0,0.0,0.0,119.0,
|0101031000|0.00|0.00|0.000|39.500,CR SLIT COIL  JFE-CA370,01,01,03,10,00,0101031000,0.0,0.0,0.0,39.5,
|0101031000|0.00|0.00|0.000|49.000,CR SLIT COIL  JFE-CA370,01,01,03,10,00,0101031000,0.0,0.0,0.0,49.0,
|0101031000|0.00|0.00|0.000|54.000,CR SLIT COIL  JFE-CA370,01,01,03,10,00,0101031000,0.0,0.0,0.0,54.0,
|0101031000|0.00|0.00|0.000|59.000,CR SLIT COIL  JFE-CA370,01,01,03,10,00,0101031000,0.0,0.0,0.0,59.0,
|0101031000|0.00|0.00|0.000|615.000,CR SLIT COIL  JFE-CA370,01,01,03,10,00,0101031000,0.0,0.0,0.0,615.0,
|0101031000|0.00|0.00|0.000|647.000,CR SLIT COIL  JFE-CA370,01,01,03,10,00,0101031000,0.0,0.0,0.0,647.0,
|0101031000|0.00|0.00|0.000|69.500,CR SLIT COIL  JFE-CA370,01,01,03,10,00,0101031000,0.0,0.0,0.0,69.5,
|0101031000|0.00|0.00|0.000|702.500,CR SLIT COIL  JFE-CA370,01,01,03,10,00,0101031000,0.0,0.0,0.0,702.5,
|0101031000|0.00|0.00|0.000|78.000,CR SLIT COIL  JFE-CA370,01,01,03,10,00,0101031000,0.0,0.0,0.0,78.0,
|0101031000|0.00|0.00|0.000|79.000,CR SLIT COIL  JFE-CA370,01,01,03,10,00,0101031000,0.0,0.0,0.0,79.0,
|0101031000|0.00|0.00|0.000|79.500,CR SLIT COIL  JFE-CA370,01,01,03,10,00,0101031000,0.0,0.0,0.0,79.5,
|0101031000|0.00|0.00|0.000|89.000,CR SLIT COIL  JFE-CA370,01,01,03,10,00,0101031000,0.0,0.0,0.0,89.0,
|0101031000|0.00|0.00|0.000|950.000,CR COIL  JFE-CA370,01,01,03,10,00,0101031000,0.0,0.0,0.0,950.0,
|0101031000|0.00|0.00|0.000|965.000,CR COIL  JFE-CA370,01,01,03,10,00,0101031000,0.0,0.0,0.0,965.0,
|0101031000|0.00|0.00|0.000|970.000,CR COIL  JFE-CA370,01,01,03,10,00,0101031000,0.0,0.0,0.0,970.0,
|0101031000|0.00|0.00|0.000|99.500,CR SLIT COIL  JFE-CA370,01,01,03,10,00,0101031000,0.0,0.0,0.0,99.5,
|0101031000|0.00|0.00|0.000|990.000,CR COIL  JFE-CA370,01,01,03,10,00,0101031000,0.0,0.0,0.0,990.0,
|0101031100|0.00|0.00|0.000|157.000,CR SLIT COIL  JFE-CA590Y1,01,01,03,11,00,0101031100,0.0,0.0,0.0,157.0,*
|0101031100|0.00|0.00|0.000|54.000,CR SLIT COIL  JFE-CA590Y1,01,01,03,11,00,0101031100,0.0,0.0,0.0,54.0,
|0101031100|0.00|0.00|0.000|59.000,CR SLIT COIL  JFE-CA590Y1,01,01,03,11,00,0101031100,0.0,0.0,0.0,59.0,
|0101031100|0.00|0.00|0.000|636.000,CR SLIT COIL  JFE-CA590Y1,01,01,03,11,00,0101031100,0.0,0.0,0.0,636.0,*
|0101031100|0.00|0.00|0.000|714.000,CR SLIT COIL  JFE-CA590Y1,01,01,03,11,00,0101031100,0.0,0.0,0.0,714.0,
|0101031100|0.00|0.00|0.000|723.000,CR SLIT COIL  JFE-CA590Y1,01,01,03,11,00,0101031100,0.0,0.0,0.0,723.0,*
|0101031100|0.00|0.00|0.000|79.000,CR SLIT COIL  JFE-CA590Y1,01,01,03,11,00,0101031100,0.0,0.0,0.0,79.0,
|0101031100|0.00|0.00|0.000|89.000,CR SLIT COIL  JFE-CA590Y1,01,01,03,11,00,0101031100,0.0,0.0,0.0,89.0,
|0101031100|0.00|0.00|0.000|911.000,CR COIL  JFE-CA590Y1,01,01,03,11,00,0101031100,0.0,0.0,0.0,911.0,
|0101031100|0.00|0.00|0.000|990.000,CR COIL  JFE-CA590Y1,01,01,03,11,00,0101031100,0.0,0.0,0.0,990.0,
|0101031100|0.00|0.00|72.000|0.000,CR SLIT COIL  JFE-CA590Y1,01,01,03,11,00,0101031100,0.0,0.0,72.0,0.0,*
|0101031200|0.00|0.00|0.000|156.000,CR SLIT COIL  JFE-CA590,01,01,03,12,00,0101031200,0.0,0.0,0.0,156.0,
|0101031200|0.00|0.00|0.000|157.000,CR SLIT COIL  JFE-CA590,01,01,03,12,00,0101031200,0.0,0.0,0.0,157.0,
|0101031200|0.00|0.00|0.000|636.000,CR SLIT COIL  JFE-CA590,01,01,03,12,00,0101031200,0.0,0.0,0.0,636.0,
|0101031200|0.00|0.00|0.000|68.000,CR SLIT COIL  JFE-CA590,01,01,03,12,00,0101031200,0.0,0.0,0.0,68.0,
|0101031200|0.00|0.00|0.000|925.000,CR COIL  JFE-CA590,01,01,03,12,00,0101031200,0.0,0.0,0.0,925.0,
|0101031200|0.00|0.00|0.000|935.000,CR COIL  JFE-CA590,01,01,03,12,00,0101031200,0.0,0.0,0.0,935.0,
|0101031200|0.00|0.00|0.000|945.000,CR COIL  JFE-CA590,01,01,03,12,00,0101031200,0.0,0.0,0.0,945.0,
|0101031200|0.00|0.00|0.000|950.000,CR COIL  JFE-CA590,01,01,03,12,00,0101031200,0.0,0.0,0.0,950.0,
|0101031200|0.00|0.00|0.000|960.000,CR COIL  JFE-CA590,01,01,03,12,00,0101031200,0.0,0.0,0.0,960.0,
|0101051500|0.00|0.00|0.000|100.000,GL SLIT COIL  MP1 Z27,01,01,05,15,00,0101051500,0.0,0.0,0.0,100.0,
"|0101100900|0.00|0.00|0.000|1,040.000",INOX COIL  SUH409-2D,01,01,10,09,00,0101100900,0.0,0.0,0.0,1040.0,
"|0101100900|0.00|0.00|0.000|1,050.000",INOX COIL  SUH409-2D,01,01,10,09,00,0101100900,0.0,0.0,0.0,1050.0,
"|0101100900|0.00|0.00|0.000|1,055.000",INOX COIL  SUH409-2D,01,01,10,09,00,0101100900,0.0,0.0,0.0,1055.0,
|0101100900|0.00|0.00|0.000|100.000,INOX SLIT COIL  SUH409-2D,01,01,10,09,00,0101100900,0.0,0.0,0.0,100.0,
|0101100900|0.00|0.00|0.000|100.500,INOX SLIT COIL  SUH409-2D,01,01,10,09,00,0101100900,0.0,0.0,0.0,100.5,
|0101100900|0.00|0.00|0.000|110.500,INOX SLIT COIL  SUH409-2D,01,01,10,09,00,0101100900,0.0,0.0,0.0,110.5,
|0101100900|0.00|0.00|0.000|119.000,INOX SLIT COIL  SUH409-2D,01,01,10,09,00,0101100900,0.0,0.0,0.0,119.0,
|0101100900|0.00|0.00|0.000|119.500,INOX SLIT COIL  SUH409-2D,01,01,10,09,00,0101100900,0.0,0.0,0.0,119.5,
|0101100900|0.00|0.00|0.000|68.500,INOX SLIT COIL  SUH409-2D,01,01,10,09,00,0101100900,0.0,0.0,0.0,68.5,
|0101100900|0.00|0.00|0.000|69.500,INOX SLIT COIL  SUH409-2D,01,01,10,09,00,0101100900,0.0,0.0,0.0,69.5,
|0101100900|0.00|0.00|0.000|70.000,INOX SLIT COIL  SUH409-2D,01,01,10,09,00,0101100900,0.0,0.0,0.0,70.0,
|0101100900|0.00|0.00|0.000|70.500,INOX SLIT COIL  SUH409-2D,01,01,10,09,00,0101100900,0.0,0.0,0.0,70.5,
|0101100900|0.00|0.00|0.000|78.500,INOX SLIT COIL  SUH409-2D,01,01,10,09,00,0101100900,0.0,0.0,0.0,78.5,
|0101100900|0.00|0.00|0.000|79.000,INOX SLIT COIL  SUH409-2D,01,01,10,09,00,0101100900,0.0,0.0,0.0,79.0,
|0101100900|0.00|0.00|0.000|79.500,INOX SLIT COIL  SUH409-2D,01,01,10,09,00,0101100900,0.0,0.0,0.0,79.5,
|0101100900|0.00|0.00|0.000|80.000,INOX SLIT COIL  SUH409-2D,01,01,10,09,00,0101100900,0.0,0.0,0.0,80.0,
|0101100900|0.00|0.00|0.000|80.500,INOX SLIT COIL  SUH409-2D,01,01,10,09,00,0101100900,0.0,0.0,0.0,80.5,
|0101100900|0.00|0.00|0.000|88.500,INOX SLIT COIL  SUH409-2D,01,01,10,09,00,0101100900,0.0,0.0,0.0,88.5,
|0101100900|0.00|0.00|0.000|89.000,INOX SLIT COIL  SUH409-2D,01,01,10,09,00,0101100900,0.0,0.0,0.0,89.0,
|0101100900|0.00|0.00|0.000|89.500,INOX SLIT COIL  SUH409-2D,01,01,10,09,00,0101100900,0.0,0.0,0.0,89.5,
|0101100900|0.00|0.00|0.000|90.000,INOX SLIT COIL  SUH409-2D,01,01,10,09,00,0101100900,0.0,0.0,0.0,90.0,
|0200201100|50.00|25.00|2.500|0.000,PZ PIPE  C350L0  PZ Pipe C350L0,02,00,20,11,00,0200201100,50.0,25.0,2.5,0.0,
|0200210000|0.00|0.00|0.000|0.000,HR PIPE    ,02,00,21,00,00,0200210000,0.0,0.0,0.0,0.0,*
|0200210103|34.00|0.00|4.200|0.000,HR PIPE  STKM11A  MP1,02,00,21,01,03,0200210103,34.0,0.0,4.2,0.0,*
|0200210303|139.80|0.00|3.500|0.000,HR PIPE  STK290-E-G  MP1,02,00,21,03,03,0200210303,139.8,0.0,3.5,0.0,
|0200210403|216.30|0.00|7.200|0.000,HR PIPE  SGP-E-G  MP1,02,00,21,04,03,0200210403,216.3,0.0,7.2,0.0,
|0200210403|76.30|0.00|4.200|0.000,HR PIPE  SGP-E-G  MP1,02,00,21,04,03,0200210403,76.3,0.0,4.2,0.0,*
|0200210810|21.70|0.00|1.600|0.000,HR PIPE  STKM13A  MP38,02,00,21,08,10,0200210810,21.7,0.0,1.6,0.0,*
|0200210911|100.00|50.00|3.200|0.000,HR PIPE  STKR400  MP2,02,00,21,09,11,0200210911,100.0,50.0,3.2,0.0,*
|0200210911|125.00|75.00|3.200|0.000,HR PIPE  STKR400  MP2,02,00,21,09,11,0200210911,125.0,75.0,3.2,0.0,
|0200210911|45.00|45.00|2.300|0.000,HR PIPE  STKR400  MP2,02,00,21,09,11,0200210911,45.0,45.0,2.3,0.0,*
|0200210911|50.00|40.00|2.300|0.000,HR PIPE  STKR400  MP2,02,00,21,09,11,0200210911,50.0,40.0,2.3,0.0,*
|0200210911|55.00|40.00|2.300|0.000,HR PIPE  STKR400  MP2,02,00,21,09,11,0200210911,55.0,40.0,2.3,0.0,*
|0200210911|75.00|75.00|2.300|0.000,HR PIPE  STKR400  MP2,02,00,21,09,11,0200210911,75.0,75.0,2.3,0.0,
|0200210911|75.00|75.00|4.500|0.000,HR PIPE  STKR400  MP2,02,00,21,09,11,0200210911,75.0,75.0,4.5,0.0,
|0200212114|219.10|0.00|4.800|0.000,HR PIPE  ASTM A53M GR.B TYPE-E  MP2A,02,00,21,21,14,0200212114,219.1,0.0,4.8,0.0,
|0200213224|14.00|14.00|0.900|0.000,HR PIPE  SPHC ep  MP1ep,02,00,21,32,24,0200213224,14.0,14.0,0.9,0.0,
|0200213803|76.30|0.00|4.200|0.000,HR PIPE  SER-SGP  MP1,02,00,21,38,03,0200213803,76.3,0.0,4.2,0.0,*
|0200220103|12.70|0.00|2.000|0.000,PO PIPE  STKM11A  MP1-P,02,00,22,01,03,0200220103,12.7,0.0,2.0,0.0,*
|0200220103|13.80|0.00|1.600|0.000,PO PIPE  STKM11A  MP1-P,02,00,22,01,03,0200220103,13.8,0.0,1.6,0.0,
|0200220126|42.70|0.00|3.500|0.000,PO PIPE  STKM11A  MP-1D-P,02,00,22,01,26,0200220126,42.7,0.0,3.5,0.0,
|0200220139|12.70|0.00|1.600|0.000,PO PIPE  STKM11A  MP-1M-P,02,00,22,01,39,0200220139,12.7,0.0,1.6,0.0,
|0200220139|12.70|0.00|2.000|0.000,PO PIPE  STKM11A  MP-1M-P,02,00,22,01,39,0200220139,12.7,0.0,2.0,0.0,
|0200220139|15.90|0.00|1.600|0.000,PO PIPE  STKM11A  MP-1M-P,02,00,22,01,39,0200220139,15.9,0.0,1.6,0.0,
|0200220139|15.90|0.00|2.000|0.000,PO PIPE  STKM11A  MP-1M-P,02,00,22,01,39,0200220139,15.9,0.0,2.0,0.0,
|0200220139|15.90|0.00|2.300|0.000,PO PIPE  STKM11A  MP-1M-P,02,00,22,01,39,0200220139,15.9,0.0,2.3,0.0,
|0200220139|17.30|0.00|2.300|0.000,PO PIPE  STKM11A  MP-1M-P,02,00,22,01,39,0200220139,17.3,0.0,2.3,0.0,
|0200220139|19.10|0.00|1.400|0.000,PO PIPE  STKM11A  MP-1M-P,02,00,22,01,39,0200220139,19.1,0.0,1.4,0.0,
|0200220139|19.10|0.00|2.000|0.000,PO PIPE  STKM11A  MP-1M-P,02,00,22,01,39,0200220139,19.1,0.0,2.0,0.0,
|0200220139|19.10|0.00|2.300|0.000,PO PIPE  STKM11A  MP-1M-P,02,00,22,01,39,0200220139,19.1,0.0,2.3,0.0,
|0200220139|22.20|0.00|1.600|0.000,PO PIPE  STKM11A  MP-1M-P,02,00,22,01,39,0200220139,22.2,0.0,1.6,0.0,
|0200220139|22.20|0.00|1.800|0.000,PO PIPE  STKM11A  MP-1M-P,02,00,22,01,39,0200220139,22.2,0.0,1.8,0.0,
|0200220139|22.20|0.00|2.000|0.000,PO PIPE  STKM11A  MP-1M-P,02,00,22,01,39,0200220139,22.2,0.0,2.0,0.0,
|0200220139|22.20|0.00|2.300|0.000,PO PIPE  STKM11A  MP-1M-P,02,00,22,01,39,0200220139,22.2,0.0,2.3,0.0,
|0200220139|25.40|0.00|1.600|0.000,PO PIPE  STKM11A  MP-1M-P,02,00,22,01,39,0200220139,25.4,0.0,1.6,0.0,
|0200220139|25.40|0.00|1.800|0.000,PO PIPE  STKM11A  MP-1M-P,02,00,22,01,39,0200220139,25.4,0.0,1.8,0.0,
|0200220139|25.40|0.00|2.000|0.000,PO PIPE  STKM11A  MP-1M-P,02,00,22,01,39,0200220139,25.4,0.0,2.0,0.0,
|0200220139|25.40|0.00|2.600|0.000,PO PIPE  STKM11A  MP-1M-P,02,00,22,01,39,0200220139,25.4,0.0,2.6,0.0,
|0200220139|25.40|0.00|3.200|0.000,PO PIPE  STKM11A  MP-1M-P,02,00,22,01,39,0200220139,25.4,0.0,3.2,0.0,
|0200220139|28.60|0.00|2.000|0.000,PO PIPE  STKM11A  MP-1M-P,02,00,22,01,39,0200220139,28.6,0.0,2.0,0.0,
|0200220139|28.60|0.00|2.300|0.000,PO PIPE  STKM11A  MP-1M-P,02,00,22,01,39,0200220139,28.6,0.0,2.3,0.0,
|0200220139|28.60|0.00|2.600|0.000,PO PIPE  STKM11A  MP-1M-P,02,00,22,01,39,0200220139,28.6,0.0,2.6,0.0,
|0200220139|28.60|0.00|3.200|0.000,PO PIPE  STKM11A  MP-1M-P,02,00,22,01,39,0200220139,28.6,0.0,3.2,0.0,*
|0200220139|28.60|3.20|0.000|0.000,PO PIPE  STKM11A  MP-1M-P,02,00,22,01,39,0200220139,28.6,3.2,0.0,0.0,*
|0200220139|29.40|0.00|3.200|0.000,PO PIPE  STKM11A  MP-1M-P,02,00,22,01,39,0200220139,29.4,0.0,3.2,0.0,
|0200220139|31.80|0.00|1.600|0.000,PO PIPE  STKM11A  MP-1M-P,02,00,22,01,39,0200220139,31.8,0.0,1.6,0.0,
|0200220139|31.80|0.00|2.000|0.000,PO PIPE  STKM11A  MP-1M-P,02,00,22,01,39,0200220139,31.8,0.0,2.0,0.0,
|0200220139|31.80|0.00|2.600|0.000,PO PIPE  STKM11A  MP-1M-P,02,00,22,01,39,0200220139,31.8,0.0,2.6,0.0,
|0200220139|34.00|0.00|2.600|0.000,PO PIPE  STKM11A  MP-1M-P,02,00,22,01,39,0200220139,34.0,0.0,2.6,0.0,
|0200220139|34.00|0.00|3.500|0.000,PO PIPE  STKM11A  MP-1M-P,02,00,22,01,39,0200220139,34.0,0.0,3.5,0.0,
|0200220139|35.00|0.00|1.500|0.000,PO PIPE  STKM11A  MP-1M-P,02,00,22,01,39,0200220139,35.0,0.0,1.5,0.0,
|0200220139|38.10|0.00|2.000|0.000,PO PIPE  STKM11A  MP-1M-P,02,00,22,01,39,0200220139,38.1,0.0,2.0,0.0,
|0200220139|38.10|0.00|2.300|0.000,PO PIPE  STKM11A  MP-1M-P,02,00,22,01,39,0200220139,38.1,0.0,2.3,0.0,
|0200220139|38.10|0.00|2.600|0.000,PO PIPE  STKM11A  MP-1M-P,02,00,22,01,39,0200220139,38.1,0.0,2.6,0.0,
|0200220139|42.70|0.00|2.000|0.000,PO PIPE  STKM11A  MP-1M-P,02,00,22,01,39,0200220139,42.7,0.0,2.0,0.0,
|0200220139|42.70|0.00|3.500|0.000,PO PIPE  STKM11A  MP-1M-P,02,00,22,01,39,0200220139,42.7,0.0,3.5,0.0,*
|0200220139|45.00|0.00|2.000|0.000,PO PIPE  STKM11A  MP-1M-P,02,00,22,01,39,0200220139,45.0,0.0,2.0,0.0,
|0200220139|48.60|0.00|2.000|0.000,PO PIPE  STKM11A  MP-1M-P,02,00,22,01,39,0200220139,48.6,0.0,2.0,0.0,
|0200220139|48.60|0.00|3.100|0.000,PO PIPE  STKM11A  MP-1M-P,02,00,22,01,39,0200220139,48.6,0.0,3.1,0.0,
|0200220139|48.60|0.00|3.200|0.000,PO PIPE  STKM11A  MP-1M-P,02,00,22,01,39,0200220139,48.6,0.0,3.2,0.0,
|0200220139|50.00|30.00|1.600|0.000,PO PIPE  STKM11A  MP-1M-P,02,00,22,01,39,0200220139,50.0,30.0,1.6,0.0,
|0200220139|50.80|0.00|1.600|0.000,PO PIPE  STKM11A  MP-1M-P,02,00,22,01,39,0200220139,50.8,0.0,1.6,0.0,
|0200220139|60.50|0.00|2.000|0.000,PO PIPE  STKM11A  MP-1M-P,02,00,22,01,39,0200220139,60.5,0.0,2.0,0.0,
|0200220139|60.80|0.00|3.800|0.000,PO PIPE  STKM11A  MP-1M-P,02,00,22,01,39,0200220139,60.8,0.0,3.8,0.0,
|0200220139|76.30|0.00|2.000|0.000,PO PIPE  STKM11A  MP-1M-P,02,00,22,01,39,0200220139,76.3,0.0,2.0,0.0,
|0200220600|15.00|0.00|10.300|0.000,PO PIPE  STKM12C  ,02,00,22,06,00,0200220600,15.0,0.0,10.3,0.0,*
|0200220600|15.00|0.00|2.350|0.000,PO PIPE  STKM12C  ,02,00,22,06,00,0200220600,15.0,0.0,2.35,0.0,*
|0200220600|15.00|10.30|2.350|0.000,PO PIPE  STKM12C  ,02,00,22,06,00,0200220600,15.0,10.3,2.35,0.0,
|0200220600|23.00|0.00|5.300|0.000,PO PIPE  STKM12C  ,02,00,22,06,00,0200220600,23.0,0.0,5.3,0.0,*
|0200220600|23.00|12.40|5.300|0.000,PO PIPE  STKM12C  ,02,00,22,06,00,0200220600,23.0,12.4,5.3,0.0,
|0200220710|25.40|0.00|2.000|0.000,PO PIPE  STKMR13A  MP38-P,02,00,22,07,10,0200220710,25.4,0.0,2.0,0.0,*
|0200220710|60.50|0.00|2.000|0.000,PO PIPE  STKMR13A  MP38-P,02,00,22,07,10,0200220710,60.5,0.0,2.0,0.0,*
|0200220800|12.70|0.00|1.200|0.000,PO PIPE  STKM13A  ,02,00,22,08,00,0200220800,12.7,0.0,1.2,0.0,*
|0200220800|19.10|0.00|1.200|0.000,PO PIPE  STKM13A  ,02,00,22,08,00,0200220800,19.1,0.0,1.2,0.0,*
|0200220810|12.70|0.00|1.600|0.000,PO PIPE  STKM13A  MP38-P,02,00,22,08,10,0200220810,12.7,0.0,1.6,0.0,
|0200220810|15.90|0.00|1.600|0.000,PO PIPE  STKM13A  MP38-P,02,00,22,08,10,0200220810,15.9,0.0,1.6,0.0,
|0200220810|19.10|0.00|1.400|0.000,PO PIPE  STKM13A  MP38-P,02,00,22,08,10,0200220810,19.1,0.0,1.4,0.0,
|0200220810|19.10|0.00|1.600|0.000,PO PIPE  STKM13A  MP38-P,02,00,22,08,10,0200220810,19.1,0.0,1.6,0.0,
|0200220810|19.10|0.00|2.000|0.000,PO PIPE  STKM13A  MP38-P,02,00,22,08,10,0200220810,19.1,0.0,2.0,0.0,
|0200220810|19.10|0.00|2.300|0.000,PO PIPE  STKM13A  MP38-P,02,00,22,08,10,0200220810,19.1,0.0,2.3,0.0,
|0200220810|21.70|0.00|1.600|0.000,PO PIPE  STKM13A  MP38-P,02,00,22,08,10,0200220810,21.7,0.0,1.6,0.0,
|0200220810|21.70|0.00|1.900|0.000,PO PIPE  STKM13A  MP38-P,02,00,22,08,10,0200220810,21.7,0.0,1.9,0.0,
|0200220810|21.70|0.00|2.000|0.000,PO PIPE  STKM13A  MP38-P,02,00,22,08,10,0200220810,21.7,0.0,2.0,0.0,
|0200220810|21.70|0.00|2.800|0.000,PO PIPE  STKM13A  MP38-P,02,00,22,08,10,0200220810,21.7,0.0,2.8,0.0,
|0200220810|22.20|0.00|1.400|0.000,PO PIPE  STKM13A  MP38-P,02,00,22,08,10,0200220810,22.2,0.0,1.4,0.0,
|0200220810|22.20|0.00|1.600|0.000,PO PIPE  STKM13A  MP38-P,02,00,22,08,10,0200220810,22.2,0.0,1.6,0.0,
|0200220810|22.20|0.00|2.000|0.000,PO PIPE  STKM13A  MP38-P,02,00,22,08,10,0200220810,22.2,0.0,2.0,0.0,
|0200220810|22.20|0.00|2.300|0.000,PO PIPE  STKM13A  MP38-P,02,00,22,08,10,0200220810,22.2,0.0,2.3,0.0,
|0200220810|25.40|0.00|1.400|0.000,PO PIPE  STKM13A  MP38-P,02,00,22,08,10,0200220810,25.4,0.0,1.4,0.0,
|0200220810|25.40|0.00|1.600|0.000,PO PIPE  STKM13A  MP38-P,02,00,22,08,10,0200220810,25.4,0.0,1.6,0.0,
|0200220810|25.40|0.00|2.000|0.000,PO PIPE  STKM13A  MP38-P,02,00,22,08,10,0200220810,25.4,0.0,2.0,0.0,
|0200220810|25.40|0.00|2.600|0.000,PO PIPE  STKM13A  MP38-P,02,00,22,08,10,0200220810,25.4,0.0,2.6,0.0,
|0200220810|28.60|0.00|1.400|0.000,PO PIPE  STKM13A  MP38-P,02,00,22,08,10,0200220810,28.6,0.0,1.4,0.0,
|0200220810|28.60|0.00|3.200|0.000,PO PIPE  STKM13A  MP38-P,02,00,22,08,10,0200220810,28.6,0.0,3.2,0.0,
|0200220810|31.80|0.00|1.600|0.000,PO PIPE  STKM13A  MP38-P,02,00,22,08,10,0200220810,31.8,0.0,1.6,0.0,
|0200220810|31.80|0.00|2.000|0.000,PO PIPE  STKM13A  MP38-P,02,00,22,08,10,0200220810,31.8,0.0,2.0,0.0,
|0200220810|31.80|0.00|2.300|0.000,PO PIPE  STKM13A  MP38-P,02,00,22,08,10,0200220810,31.8,0.0,2.3,0.0,
|0200220810|31.80|0.00|2.600|0.000,PO PIPE  STKM13A  MP38-P,02,00,22,08,10,0200220810,31.8,0.0,2.6,0.0,
|0200220810|32.00|32.00|2.300|0.000,PO PIPE  STKM13A  MP38-P,02,00,22,08,10,0200220810,32.0,32.0,2.3,0.0,
|0200220810|34.00|0.00|2.000|0.000,PO PIPE  STKM13A  MP38-P,02,00,22,08,10,0200220810,34.0,0.0,2.0,0.0,
|0200220810|34.00|0.00|2.300|0.000,PO PIPE  STKM13A  MP38-P,02,00,22,08,10,0200220810,34.0,0.0,2.3,0.0,
|0200220810|34.00|0.00|2.600|0.000,PO PIPE  STKM13A  MP38-P,02,00,22,08,10,0200220810,34.0,0.0,2.6,0.0,
|0200220810|38.10|0.00|2.000|0.000,PO PIPE  STKM13A  MP38-P,02,00,22,08,10,0200220810,38.1,0.0,2.0,0.0,
|0200220810|38.10|0.00|2.300|0.000,PO PIPE  STKM13A  MP38-P,02,00,22,08,10,0200220810,38.1,0.0,2.3,0.0,
|0200220810|38.10|0.00|2.600|0.000,PO PIPE  STKM13A  MP38-P,02,00,22,08,10,0200220810,38.1,0.0,2.6,0.0,
|0200220810|38.10|31.75|2.000|0.000,PO PIPE  STKM13A  MP38-P,02,00,22,08,10,0200220810,38.1,31.75,2.0,0.0,
|0200220810|41.00|0.00|3.500|0.000,PO PIPE  STKM13A  MP38-P,02,00,22,08,10,0200220810,41.0,0.0,3.5,0.0,
|0200220810|45.00|0.00|2.000|0.000,PO PIPE  STKM13A  MP38-P,02,00,22,08,10,0200220810,45.0,0.0,2.0,0.0,
|0200220810|45.00|0.00|2.300|0.000,PO PIPE  STKM13A  MP38-P,02,00,22,08,10,0200220810,45.0,0.0,2.3,0.0,
|0200220810|48.60|0.00|2.000|0.000,PO PIPE  STKM13A  MP38-P,02,00,22,08,10,0200220810,48.6,0.0,2.0,0.0,
|0200220810|48.60|0.00|2.300|0.000,PO PIPE  STKM13A  MP38-P,02,00,22,08,10,0200220810,48.6,0.0,2.3,0.0,
|0200220810|48.60|0.00|2.600|0.000,PO PIPE  STKM13A  MP38-P,02,00,22,08,10,0200220810,48.6,0.0,2.6,0.0,
|0200220810|48.60|0.00|3.200|0.000,PO PIPE  STKM13A  MP38-P,02,00,22,08,10,0200220810,48.6,0.0,3.2,0.0,
|0200220810|50.00|20.00|1.600|0.000,PO PIPE  STKM13A  MP38-P,02,00,22,08,10,0200220810,50.0,20.0,1.6,0.0,
|0200220810|50.80|0.00|2.300|0.000,PO PIPE  STKM13A  MP38-P,02,00,22,08,10,0200220810,50.8,0.0,2.3,0.0,
|0200220810|60.50|0.00|2.000|0.000,PO PIPE  STKM13A  MP38-P,02,00,22,08,10,0200220810,60.5,0.0,2.0,0.0,
|0200220810|60.50|0.00|2.600|0.000,PO PIPE  STKM13A  MP38-P,02,00,22,08,10,0200220810,60.5,0.0,2.6,0.0,
|0200220910|21.70|0.00|1.600|0.000,PO PIPE  STKM14B  MP38-P,02,00,22,09,10,0200220910,21.7,0.0,1.6,0.0,*
|0200220910|21.70|0.00|1.900|0.000,PO PIPE  STKM14B  MP38-P,02,00,22,09,10,0200220910,21.7,0.0,1.9,0.0,*
|0200220914|22.20|0.00|1.600|0.000,PO PIPE  STKM14B  MP3-P,02,00,22,09,14,0200220914,22.2,0.0,1.6,0.0,
|0200221042|25.40|0.00|1.600|0.000,PO PIPE  STKM-550  JFE-HA590R-P,02,00,22,10,42,0200221042,25.4,0.0,1.6,0.0,
|0200221217|38.10|38.10|2.000|0.000,PO PIPE  STKMRHT490  MP3-P,02,00,22,12,17,0200221217,38.1,38.1,2.0,0.0,
|0200221416|22.20|0.00|2.500|0.000,PO PIPE  STKM18A  MP45,02,00,22,14,16,0200221416,22.2,0.0,2.5,0.0,*
|0200225900|15.00|0.00|10.300|0.000,PO PIPE  STAM290GA  ,02,00,22,59,00,0200225900,15.0,0.0,10.3,0.0,*
|0200225900|15.00|0.00|2.350|0.000,PO PIPE  STAM290GA  ,02,00,22,59,00,0200225900,15.0,0.0,2.35,0.0,*
|0200225900|15.00|10.20|2.400|0.000,PO PIPE  STAM290GA  ,02,00,22,59,00,0200225900,15.0,10.2,2.4,0.0,*
|0200225900|15.00|10.30|2.350|0.000,PO PIPE  STAM290GA  ,02,00,22,59,00,0200225900,15.0,10.3,2.35,0.0,
|0200225900|21.70|16.20|2.750|0.000,PO PIPE  STAM290GA  ,02,00,22,59,00,0200225900,21.7,16.2,2.75,0.0,*
|0200225900|21.70|16.50|2.600|0.000,PO PIPE  STAM290GA  ,02,00,22,59,00,0200225900,21.7,16.5,2.6,0.0,
|0200225926|48.60|0.00|3.500|0.000,PO PIPE  STAM290GA  MP-1D-P,02,00,22,59,26,0200225926,48.6,0.0,3.5,0.0,
|0200225939|15.00|0.00|10.300|0.000,PO PIPE  STAM290GA  MP-1M-P,02,00,22,59,39,0200225939,15.0,0.0,10.3,0.0,*
|0200225939|15.90|0.00|1.600|0.000,PO PIPE  STAM290GA  MP-1M-P,02,00,22,59,39,0200225939,15.9,0.0,1.6,0.0,
|0200225939|15.90|0.00|2.000|0.000,PO PIPE  STAM290GA  MP-1M-P,02,00,22,59,39,0200225939,15.9,0.0,2.0,0.0,
|0200225939|19.10|0.00|1.600|0.000,PO PIPE  STAM290GA  MP-1M-P,02,00,22,59,39,0200225939,19.1,0.0,1.6,0.0,
|0200225939|19.10|0.00|2.300|0.000,PO PIPE  STAM290GA  MP-1M-P,02,00,22,59,39,0200225939,19.1,0.0,2.3,0.0,
|0200225939|19.10|0.00|2.600|0.000,PO PIPE  STAM290GA  MP-1M-P,02,00,22,59,39,0200225939,19.1,0.0,2.6,0.0,
|0200225939|22.20|0.00|2.000|0.000,PO PIPE  STAM290GA  MP-1M-P,02,00,22,59,39,0200225939,22.2,0.0,2.0,0.0,
|0200225939|25.40|0.00|2.600|0.000,PO PIPE  STAM290GA  MP-1M-P,02,00,22,59,39,0200225939,25.4,0.0,2.6,0.0,
|0200225939|29.40|0.00|3.200|0.000,PO PIPE  STAM290GA  MP-1M-P,02,00,22,59,39,0200225939,29.4,0.0,3.2,0.0,
|0200225939|31.80|0.00|2.600|0.000,PO PIPE  STAM290GA  MP-1M-P,02,00,22,59,39,0200225939,31.8,0.0,2.6,0.0,
|0200225939|31.80|0.00|4.000|0.000,PO PIPE  STAM290GA  MP-1M-P,02,00,22,59,39,0200225939,31.8,0.0,4.0,0.0,
|0200225939|40.00|20.00|1.600|0.000,PO PIPE  STAM290GA  MP-1M-P,02,00,22,59,39,0200225939,40.0,20.0,1.6,0.0,
|0200225939|50.00|20.00|1.600|0.000,PO PIPE  STAM290GA  MP-1M-P,02,00,22,59,39,0200225939,50.0,20.0,1.6,0.0,
|0200226010|15.00|0.00|2.500|0.000,PO PIPE  STAM390G  MP38-P,02,00,22,60,10,0200226010,15.0,0.0,2.5,0.0,*
|0200226010|15.90|0.00|1.600|0.000,PO PIPE  STAM390G  MP38-P,02,00,22,60,10,0200226010,15.9,0.0,1.6,0.0,
|0200226010|15.90|0.00|2.000|0.000,PO PIPE  STAM390G  MP38-P,02,00,22,60,10,0200226010,15.9,0.0,2.0,0.0,
|0200226010|17.30|0.00|1.400|0.000,PO PIPE  STAM390G  MP38-P,02,00,22,60,10,0200226010,17.3,0.0,1.4,0.0,
|0200226010|17.30|0.00|1.600|0.000,PO PIPE  STAM390G  MP38-P,02,00,22,60,10,0200226010,17.3,0.0,1.6,0.0,
|0200226010|17.30|0.00|2.000|0.000,PO PIPE  STAM390G  MP38-P,02,00,22,60,10,0200226010,17.3,0.0,2.0,0.0,
|0200226010|19.10|0.00|1.400|0.000,PO PIPE  STAM390G  MP38-P,02,00,22,60,10,0200226010,19.1,0.0,1.4,0.0,
|0200226010|19.10|0.00|1.600|0.000,PO PIPE  STAM390G  MP38-P,02,00,22,60,10,0200226010,19.1,0.0,1.6,0.0,
|0200226010|19.10|0.00|2.000|0.000,PO PIPE  STAM390G  MP38-P,02,00,22,60,10,0200226010,19.1,0.0,2.0,0.0,
|0200226010|19.10|0.00|2.300|0.000,PO PIPE  STAM390G  MP38-P,02,00,22,60,10,0200226010,19.1,0.0,2.3,0.0,
|0200226010|22.20|0.00|1.400|0.000,PO PIPE  STAM390G  MP38-P,02,00,22,60,10,0200226010,22.2,0.0,1.4,0.0,
|0200226010|22.20|0.00|1.600|0.000,PO PIPE  STAM390G  MP38-P,02,00,22,60,10,0200226010,22.2,0.0,1.6,0.0,
|0200226010|22.20|0.00|2.000|0.000,PO PIPE  STAM390G  MP38-P,02,00,22,60,10,0200226010,22.2,0.0,2.0,0.0,
|0200226010|22.20|0.00|2.300|0.000,PO PIPE  STAM390G  MP38-P,02,00,22,60,10,0200226010,22.2,0.0,2.3,0.0,
|0200226010|22.20|0.00|2.900|0.000,PO PIPE  STAM390G  MP38-P,02,00,22,60,10,0200226010,22.2,0.0,2.9,0.0,
|0200226010|25.40|0.00|1.400|0.000,PO PIPE  STAM390G  MP38-P,02,00,22,60,10,0200226010,25.4,0.0,1.4,0.0,
|0200226010|25.40|0.00|1.600|0.000,PO PIPE  STAM390G  MP38-P,02,00,22,60,10,0200226010,25.4,0.0,1.6,0.0,
|0200226010|25.40|0.00|2.000|0.000,PO PIPE  STAM390G  MP38-P,02,00,22,60,10,0200226010,25.4,0.0,2.0,0.0,
|0200226010|25.40|0.00|2.600|0.000,PO PIPE  STAM390G  MP38-P,02,00,22,60,10,0200226010,25.4,0.0,2.6,0.0,
|0200226010|25.40|0.00|3.200|0.000,PO PIPE  STAM390G  MP38-P,02,00,22,60,10,0200226010,25.4,0.0,3.2,0.0,
|0200226010|28.60|0.00|1.600|0.000,PO PIPE  STAM390G  MP38-P,02,00,22,60,10,0200226010,28.6,0.0,1.6,0.0,
|0200226010|28.60|0.00|2.000|0.000,PO PIPE  STAM390G  MP38-P,02,00,22,60,10,0200226010,28.6,0.0,2.0,0.0,
|0200226010|28.60|0.00|3.200|0.000,PO PIPE  STAM390G  MP38-P,02,00,22,60,10,0200226010,28.6,0.0,3.2,0.0,
|0200226010|31.80|0.00|1.400|0.000,PO PIPE  STAM390G  MP38-P,02,00,22,60,10,0200226010,31.8,0.0,1.4,0.0,
|0200226010|31.80|0.00|1.600|0.000,PO PIPE  STAM390G  MP38-P,02,00,22,60,10,0200226010,31.8,0.0,1.6,0.0,
|0200226010|31.80|0.00|2.000|0.000,PO PIPE  STAM390G  MP38-P,02,00,22,60,10,0200226010,31.8,0.0,2.0,0.0,
|0200226010|31.80|0.00|2.300|0.000,PO PIPE  STAM390G  MP38-P,02,00,22,60,10,0200226010,31.8,0.0,2.3,0.0,
|0200226010|31.80|0.00|2.600|0.000,PO PIPE  STAM390G  MP38-P,02,00,22,60,10,0200226010,31.8,0.0,2.6,0.0,
|0200226010|32.00|32.00|2.300|0.000,PO PIPE  STAM390G  MP38-P,02,00,22,60,10,0200226010,32.0,32.0,2.3,0.0,
|0200226010|34.00|0.00|2.000|0.000,PO PIPE  STAM390G  MP38-P,02,00,22,60,10,0200226010,34.0,0.0,2.0,0.0,
|0200226010|34.00|0.00|2.300|0.000,PO PIPE  STAM390G  MP38-P,02,00,22,60,10,0200226010,34.0,0.0,2.3,0.0,
|0200226010|34.00|0.00|2.600|0.000,PO PIPE  STAM390G  MP38-P,02,00,22,60,10,0200226010,34.0,0.0,2.6,0.0,
|0200226010|38.10|0.00|2.000|0.000,PO PIPE  STAM390G  MP38-P,02,00,22,60,10,0200226010,38.1,0.0,2.0,0.0,
|0200226010|38.10|0.00|2.600|0.000,PO PIPE  STAM390G  MP38-P,02,00,22,60,10,0200226010,38.1,0.0,2.6,0.0,
|0200226010|38.10|0.00|3.200|0.000,PO PIPE  STAM390G  MP38-P,02,00,22,60,10,0200226010,38.1,0.0,3.2,0.0,
|0200226010|40.00|20.00|1.600|0.000,PO PIPE  STAM390G  MP38-P,02,00,22,60,10,0200226010,40.0,20.0,1.6,0.0,
|0200226010|40.00|25.00|2.000|0.000,PO PIPE  STAM390G  MP38-P,02,00,22,60,10,0200226010,40.0,25.0,2.0,0.0,
|0200226010|42.70|0.00|1.400|0.000,PO PIPE  STAM390G  MP38-P,02,00,22,60,10,0200226010,42.7,0.0,1.4,0.0,
|0200226010|42.70|0.00|1.600|0.000,PO PIPE  STAM390G  MP38-P,02,00,22,60,10,0200226010,42.7,0.0,1.6,0.0,
|0200226010|42.70|0.00|2.000|0.000,PO PIPE  STAM390G  MP38-P,02,00,22,60,10,0200226010,42.7,0.0,2.0,0.0,
|0200226010|42.70|0.00|2.300|0.000,PO PIPE  STAM390G  MP38-P,02,00,22,60,10,0200226010,42.7,0.0,2.3,0.0,
|0200226010|42.70|0.00|3.200|0.000,PO PIPE  STAM390G  MP38-P,02,00,22,60,10,0200226010,42.7,0.0,3.2,0.0,
|0200226010|42.70|0.00|3.500|0.000,PO PIPE  STAM390G  MP38-P,02,00,22,60,10,0200226010,42.7,0.0,3.5,0.0,
|0200226010|45.00|0.00|2.000|0.000,PO PIPE  STAM390G  MP38-P,02,00,22,60,10,0200226010,45.0,0.0,2.0,0.0,
|0200226010|45.00|0.00|2.300|0.000,PO PIPE  STAM390G  MP38-P,02,00,22,60,10,0200226010,45.0,0.0,2.3,0.0,
|0200226010|48.60|0.00|2.000|0.000,PO PIPE  STAM390G  MP38-P,02,00,22,60,10,0200226010,48.6,0.0,2.0,0.0,
|0200226010|48.60|0.00|2.600|0.000,PO PIPE  STAM390G  MP38-P,02,00,22,60,10,0200226010,48.6,0.0,2.6,0.0,
|0200226010|48.60|0.00|3.500|0.000,PO PIPE  STAM390G  MP38-P,02,00,22,60,10,0200226010,48.6,0.0,3.5,0.0,
|0200226010|50.80|0.00|2.300|0.000,PO PIPE  STAM390G  MP38-P,02,00,22,60,10,0200226010,50.8,0.0,2.3,0.0,
|0200226010|54.00|0.00|2.600|0.000,PO PIPE  STAM390G  MP38-P,02,00,22,60,10,0200226010,54.0,0.0,2.6,0.0,
|0200226010|54.00|0.00|2.900|0.000,PO PIPE  STAM390G  MP38-P,02,00,22,60,10,0200226010,54.0,0.0,2.9,0.0,
|0200226010|54.00|0.00|3.200|0.000,PO PIPE  STAM390G  MP38-P,02,00,22,60,10,0200226010,54.0,0.0,3.2,0.0,
|0200226010|54.00|20.00|2.000|0.000,PO PIPE  STAM390G  MP38-P,02,00,22,60,10,0200226010,54.0,20.0,2.0,0.0,
|0200226010|60.50|0.00|2.000|0.000,PO PIPE  STAM390G  MP38-P,02,00,22,60,10,0200226010,60.5,0.0,2.0,0.0,
|0200226010|60.50|0.00|2.300|0.000,PO PIPE  STAM390G  MP38-P,02,00,22,60,10,0200226010,60.5,0.0,2.3,0.0,
|0200226010|60.50|0.00|2.600|0.000,PO PIPE  STAM390G  MP38-P,02,00,22,60,10,0200226010,60.5,0.0,2.6,0.0,
|0200226117|15.90|0.00|1.600|0.000,PO PIPE  STKMHT490  MP3-P,02,00,22,61,17,0200226117,15.9,0.0,1.6,0.0,
|0200226117|19.10|0.00|1.600|0.000,PO PIPE  STKMHT490  MP3-P,02,00,22,61,17,0200226117,19.1,0.0,1.6,0.0,
|0200226117|19.10|0.00|2.000|0.000,PO PIPE  STKMHT490  MP3-P,02,00,22,61,17,0200226117,19.1,0.0,2.0,0.0,
|0200226117|22.20|0.00|1.600|0.000,PO PIPE  STKMHT490  MP3-P,02,00,22,61,17,0200226117,22.2,0.0,1.6,0.0,
|0200226117|22.20|0.00|2.300|0.000,PO PIPE  STKMHT490  MP3-P,02,00,22,61,17,0200226117,22.2,0.0,2.3,0.0,
|0200226117|25.40|0.00|1.600|0.000,PO PIPE  STKMHT490  MP3-P,02,00,22,61,17,0200226117,25.4,0.0,1.6,0.0,
|0200226117|25.40|0.00|2.000|0.000,PO PIPE  STKMHT490  MP3-P,02,00,22,61,17,0200226117,25.4,0.0,2.0,0.0,
|0200226117|28.60|0.00|2.000|0.000,PO PIPE  STKMHT490  MP3-P,02,00,22,61,17,0200226117,28.6,0.0,2.0,0.0,
|0200226117|31.80|0.00|2.000|0.000,PO PIPE  STKMHT490  MP3-P,02,00,22,61,17,0200226117,31.8,0.0,2.0,0.0,
|0200226117|38.10|0.00|1.600|0.000,PO PIPE  STKMHT490  MP3-P,02,00,22,61,17,0200226117,38.1,0.0,1.6,0.0,
|0200226117|38.10|0.00|1.800|0.000,PO PIPE  STKMHT490  MP3-P,02,00,22,61,17,0200226117,38.1,0.0,1.8,0.0,
|0200226117|45.00|0.00|2.300|0.000,PO PIPE  STKMHT490  MP3-P,02,00,22,61,17,0200226117,45.0,0.0,2.3,0.0,
|0200226240|19.10|0.00|1.500|0.000,PO PIPE  STKMHT590  JFE-HA540R-P,02,00,22,62,40,0200226240,19.1,0.0,1.5,0.0,
|0200226240|19.10|0.00|1.600|0.000,PO PIPE  STKMHT590  JFE-HA540R-P,02,00,22,62,40,0200226240,19.1,0.0,1.6,0.0,
|0200226240|19.10|0.00|2.000|0.000,PO PIPE  STKMHT590  JFE-HA540R-P,02,00,22,62,40,0200226240,19.1,0.0,2.0,0.0,
|0200226240|22.20|0.00|1.600|0.000,PO PIPE  STKMHT590  JFE-HA540R-P,02,00,22,62,40,0200226240,22.2,0.0,1.6,0.0,
|0200226240|22.20|0.00|2.000|0.000,PO PIPE  STKMHT590  JFE-HA540R-P,02,00,22,62,40,0200226240,22.2,0.0,2.0,0.0,
|0200226240|22.20|0.00|2.300|0.000,PO PIPE  STKMHT590  JFE-HA540R-P,02,00,22,62,40,0200226240,22.2,0.0,2.3,0.0,
|0200226240|25.40|0.00|1.600|0.000,PO PIPE  STKMHT590  JFE-HA540R-P,02,00,22,62,40,0200226240,25.4,0.0,1.6,0.0,
|0200226240|25.40|0.00|2.000|0.000,PO PIPE  STKMHT590  JFE-HA540R-P,02,00,22,62,40,0200226240,25.4,0.0,2.0,0.0,
|0200226240|25.40|0.00|2.300|0.000,PO PIPE  STKMHT590  JFE-HA540R-P,02,00,22,62,40,0200226240,25.4,0.0,2.3,0.0,
|0200226240|25.40|0.00|2.600|0.000,PO PIPE  STKMHT590  JFE-HA540R-P,02,00,22,62,40,0200226240,25.4,0.0,2.6,0.0,
|0200226240|25.40|0.00|3.200|0.000,PO PIPE  STKMHT590  JFE-HA540R-P,02,00,22,62,40,0200226240,25.4,0.0,3.2,0.0,
|0200226240|28.60|0.00|1.600|0.000,PO PIPE  STKMHT590  JFE-HA540R-P,02,00,22,62,40,0200226240,28.6,0.0,1.6,0.0,
|0200226240|28.60|0.00|2.300|0.000,PO PIPE  STKMHT590  JFE-HA540R-P,02,00,22,62,40,0200226240,28.6,0.0,2.3,0.0,
|0200226240|28.60|0.00|2.600|0.000,PO PIPE  STKMHT590  JFE-HA540R-P,02,00,22,62,40,0200226240,28.6,0.0,2.6,0.0,
|0200226240|31.80|0.00|1.600|0.000,PO PIPE  STKMHT590  JFE-HA540R-P,02,00,22,62,40,0200226240,31.8,0.0,1.6,0.0,
|0200226240|31.80|0.00|2.000|0.000,PO PIPE  STKMHT590  JFE-HA540R-P,02,00,22,62,40,0200226240,31.8,0.0,2.0,0.0,
|0200226240|31.80|0.00|2.300|0.000,PO PIPE  STKMHT590  JFE-HA540R-P,02,00,22,62,40,0200226240,31.8,0.0,2.3,0.0,
|0200226240|31.80|0.00|3.200|0.000,PO PIPE  STKMHT590  JFE-HA540R-P,02,00,22,62,40,0200226240,31.8,0.0,3.2,0.0,
|0200226240|35.00|0.00|2.600|0.000,PO PIPE  STKMHT590  JFE-HA540R-P,02,00,22,62,40,0200226240,35.0,0.0,2.6,0.0,
|0200226240|40.00|25.00|1.400|0.000,PO PIPE  STKMHT590  JFE-HA540R-P,02,00,22,62,40,0200226240,40.0,25.0,1.4,0.0,
|0200226240|50.80|0.00|2.300|0.000,PO PIPE  STKMHT590  JFE-HA540R-P,02,00,22,62,40,0200226240,50.8,0.0,2.3,0.0,
|0200226240|60.50|0.00|2.000|0.000,PO PIPE  STKMHT590  JFE-HA540R-P,02,00,22,62,40,0200226240,60.5,0.0,2.0,0.0,
|0200226339|20.00|40.00|1.600|0.000,PO PIPE  STKMRR290  MP-1M-P,02,00,22,63,39,0200226339,20.0,40.0,1.6,0.0,*
|0200226339|20.00|40.00|2.300|0.000,PO PIPE  STKMRR290  MP-1M-P,02,00,22,63,39,0200226339,20.0,40.0,2.3,0.0,*
|0200226339|30.00|50.00|1.600|0.000,PO PIPE  STKMRR290  MP-1M-P,02,00,22,63,39,0200226339,30.0,50.0,1.6,0.0,*
|0200226339|30.00|50.00|2.000|0.000,PO PIPE  STKMRR290  MP-1M-P,02,00,22,63,39,0200226339,30.0,50.0,2.0,0.0,*
|0200226339|40.00|20.00|1.600|0.000,PO PIPE  STKMRR290  MP-1M-P,02,00,22,63,39,0200226339,40.0,20.0,1.6,0.0,
|0200226339|40.00|20.00|2.300|0.000,PO PIPE  STKMRR290  MP-1M-P,02,00,22,63,39,0200226339,40.0,20.0,2.3,0.0,
|0200226339|40.00|25.00|1.600|0.000,PO PIPE  STKMRR290  MP-1M-P,02,00,22,63,39,0200226339,40.0,25.0,1.6,0.0,
|0200226339|50.00|25.00|2.300|0.000,PO PIPE  STKMRR290  MP-1M-P,02,00,22,63,39,0200226339,50.0,25.0,2.3,0.0,
|0200226339|50.00|30.00|1.600|0.000,PO PIPE  STKMRR290  MP-1M-P,02,00,22,63,39,0200226339,50.0,30.0,1.6,0.0,
|0200226339|50.00|30.00|2.000|0.000,PO PIPE  STKMRR290  MP-1M-P,02,00,22,63,39,0200226339,50.0,30.0,2.0,0.0,
|0200226339|50.00|50.00|2.000|0.000,PO PIPE  STKMRR290  MP-1M-P,02,00,22,63,39,0200226339,50.0,50.0,2.0,0.0,
|0200226410|32.00|32.00|2.300|0.000,PO PIPE  STKMRR370  MP38-P,02,00,22,64,10,0200226410,32.0,32.0,2.3,0.0,
|0200226410|40.00|20.00|1.600|0.000,PO PIPE  STKMRR370  MP38-P,02,00,22,64,10,0200226410,40.0,20.0,1.6,0.0,
|0200226540|40.00|25.00|1.400|0.000,PO PIPE  STKMRHT590  JFE-HA540R-P,02,00,22,65,40,0200226540,40.0,25.0,1.4,0.0,
|0200226540|40.00|25.00|2.000|0.000,PO PIPE  STKMRHT590  JFE-HA540R-P,02,00,22,65,40,0200226540,40.0,25.0,2.0,0.0,
|0200226540|50.00|30.00|2.300|0.000,PO PIPE  STKMRHT590  JFE-HA540R-P,02,00,22,65,40,0200226540,50.0,30.0,2.3,0.0,
|0200226540|50.80|0.00|2.300|0.000,PO PIPE  STKMRHT590  JFE-HA540R-P,02,00,22,65,40,0200226540,50.8,0.0,2.3,0.0,
|0200226600|28.60|0.00|1.200|0.000,PO PIPE  STKM17AM  ,02,00,22,66,00,0200226600,28.6,0.0,1.2,0.0,*
|0200226640|25.40|0.00|0.000|0.000,PO PIPE  STKM17AM  JFE-HA540R-P,02,00,22,66,40,0200226640,25.4,0.0,0.0,0.0,*
|0200226640|25.40|0.00|1.600|0.000,PO PIPE  STKM17AM  JFE-HA540R-P,02,00,22,66,40,0200226640,25.4,0.0,1.6,0.0,*
|0200226640|25.40|0.00|2.300|0.000,PO PIPE  STKM17AM  JFE-HA540R-P,02,00,22,66,40,0200226640,25.4,0.0,2.3,0.0,
|0200226642|25.40|0.00|1.600|0.000,PO PIPE  STKM17AM  JFE-HA590R-P,02,00,22,66,42,0200226642,25.4,0.0,1.6,0.0,
|0200226700|28.00|21.80|3.100|0.000,PO PIPE  STKM13C  ,02,00,22,67,00,0200226700,28.0,21.8,3.1,0.0,
|0200226700|46.00|38.00|4.000|0.000,PO PIPE  STKM13C  ,02,00,22,67,00,0200226700,46.0,38.0,4.0,0.0,
|0200226717|31.80|0.00|2.000|0.000,PO PIPE  STKM13C  MP3-P,02,00,22,67,17,0200226717,31.8,0.0,2.0,0.0,
|0200226840|19.10|0.00|1.400|0.000,PO PIPE  STKM-HT590  JFE-HA540R-P,02,00,22,68,40,0200226840,19.1,0.0,1.4,0.0,
|0200226840|22.20|0.00|1.400|0.000,PO PIPE  STKM-HT590  JFE-HA540R-P,02,00,22,68,40,0200226840,22.2,0.0,1.4,0.0,
|0200226840|22.20|0.00|2.000|0.000,PO PIPE  STKM-HT590  JFE-HA540R-P,02,00,22,68,40,0200226840,22.2,0.0,2.0,0.0,
|0200226840|25.40|0.00|1.400|0.000,PO PIPE  STKM-HT590  JFE-HA540R-P,02,00,22,68,40,0200226840,25.4,0.0,1.4,0.0,
|0200226840|25.40|0.00|3.200|0.000,PO PIPE  STKM-HT590  JFE-HA540R-P,02,00,22,68,40,0200226840,25.4,0.0,3.2,0.0,
|0200230119|19.10|0.00|1.000|0.000,CR PIPE  STKM11A  SPCC-SD,02,00,23,01,19,0200230119,19.1,0.0,1.0,0.0,
|0200230119|22.20|0.00|1.000|0.000,CR PIPE  STKM11A  SPCC-SD,02,00,23,01,19,0200230119,22.2,0.0,1.0,0.0,
|0200230119|22.20|0.00|1.200|0.000,CR PIPE  STKM11A  SPCC-SD,02,00,23,01,19,0200230119,22.2,0.0,1.2,0.0,
|0200230119|25.40|0.00|1.000|0.000,CR PIPE  STKM11A  SPCC-SD,02,00,23,01,19,0200230119,25.4,0.0,1.0,0.0,
|0200230119|25.40|0.00|1.200|0.000,CR PIPE  STKM11A  SPCC-SD,02,00,23,01,19,0200230119,25.4,0.0,1.2,0.0,
|0200230119|28.60|0.00|1.000|0.000,CR PIPE  STKM11A  SPCC-SD,02,00,23,01,19,0200230119,28.6,0.0,1.0,0.0,
|0200230119|28.60|0.00|1.200|0.000,CR PIPE  STKM11A  SPCC-SD,02,00,23,01,19,0200230119,28.6,0.0,1.2,0.0,*
|0200230119|31.80|0.00|1.200|0.000,CR PIPE  STKM11A  SPCC-SD,02,00,23,01,19,0200230119,31.8,0.0,1.2,0.0,
|0200230119|42.70|0.00|1.000|0.000,CR PIPE  STKM11A  SPCC-SD,02,00,23,01,19,0200230119,42.7,0.0,1.0,0.0,
|0200230119|45.00|0.00|1.200|0.000,CR PIPE  STKM11A  SPCC-SD,02,00,23,01,19,0200230119,45.0,0.0,1.2,0.0,
|0200230120|15.90|0.00|1.200|0.000,CR PIPE  STKM11A  JFE-CC,02,00,23,01,20,0200230120,15.9,0.0,1.2,0.0,
|0200230120|19.10|0.00|1.000|0.000,CR PIPE  STKM11A  JFE-CC,02,00,23,01,20,0200230120,19.1,0.0,1.0,0.0,
|0200230120|19.10|0.00|1.200|0.000,CR PIPE  STKM11A  JFE-CC,02,00,23,01,20,0200230120,19.1,0.0,1.2,0.0,
|0200230120|22.20|0.00|1.200|0.000,CR PIPE  STKM11A  JFE-CC,02,00,23,01,20,0200230120,22.2,0.0,1.2,0.0,
|0200230120|28.60|0.00|1.200|0.000,CR PIPE  STKM11A  JFE-CC,02,00,23,01,20,0200230120,28.6,0.0,1.2,0.0,
|0200230120|35.00|0.00|1.200|0.000,CR PIPE  STKM11A  JFE-CC,02,00,23,01,20,0200230120,35.0,0.0,1.2,0.0,
|0200230120|38.10|0.00|1.200|0.000,CR PIPE  STKM11A  JFE-CC,02,00,23,01,20,0200230120,38.1,0.0,1.2,0.0,
|0200230141|22.20|0.00|1.200|0.000,CR PIPE  STKM11A  JFE-CA370,02,00,23,01,41,0200230141,22.2,0.0,1.2,0.0,*
|0200230742|22.20|0.00|1.400|0.000,CR PIPE  HSST590C  JFE-CA590,02,00,23,07,42,0200230742,22.2,0.0,1.4,0.0,
|0200230742|25.00|0.00|1.600|0.000,CR PIPE  HSST590C  JFE-CA590,02,00,23,07,42,0200230742,25.0,0.0,1.6,0.0,*
|0200230742|25.00|55.00|1.600|0.000,CR PIPE  HSST590C  JFE-CA590,02,00,23,07,42,0200230742,25.0,55.0,1.6,0.0,
|0200230742|25.40|0.00|1.400|0.000,CR PIPE  HSST590C  JFE-CA590,02,00,23,07,42,0200230742,25.4,0.0,1.4,0.0,
|0200230841|12.70|0.00|1.200|0.000,CR PIPE  STKM13A  JFE-CA370,02,00,23,08,41,0200230841,12.7,0.0,1.2,0.0,
|0200230841|15.90|0.00|1.200|0.000,CR PIPE  STKM13A  JFE-CA370,02,00,23,08,41,0200230841,15.9,0.0,1.2,0.0,
|0200230841|17.30|0.00|1.200|0.000,CR PIPE  STKM13A  JFE-CA370,02,00,23,08,41,0200230841,17.3,0.0,1.2,0.0,
|0200230841|19.10|0.00|1.200|0.000,CR PIPE  STKM13A  JFE-CA370,02,00,23,08,41,0200230841,19.1,0.0,1.2,0.0,
|0200230841|22.20|0.00|1.200|0.000,CR PIPE  STKM13A  JFE-CA370,02,00,23,08,41,0200230841,22.2,0.0,1.2,0.0,
|0200230841|25.40|0.00|1.000|0.000,CR PIPE  STKM13A  JFE-CA370,02,00,23,08,41,0200230841,25.4,0.0,1.0,0.0,
|0200230841|25.40|0.00|1.200|0.000,CR PIPE  STKM13A  JFE-CA370,02,00,23,08,41,0200230841,25.4,0.0,1.2,0.0,
|0200230841|28.60|0.00|1.200|0.000,CR PIPE  STKM13A  JFE-CA370,02,00,23,08,41,0200230841,28.6,0.0,1.2,0.0,
|0200230841|38.10|0.00|1.200|0.000,CR PIPE  STKM13A  JFE-CA370,02,00,23,08,41,0200230841,38.1,0.0,1.2,0.0,
|0200230920|25.40|0.00|1.200|0.000,CR PIPE  STAM290GA  JFE-CC,02,00,23,09,20,0200230920,25.4,0.0,1.2,0.0,*
|0200231043|25.40|0.00|1.200|0.000,CR PIPE  STKM-550  JFE-CA590Y1,02,00,23,10,43,0200231043,25.4,0.0,1.2,0.0,
|0200235920|19.10|0.00|1.000|0.000,CR PIPE  STAM290GA  JFE-CC,02,00,23,59,20,0200235920,19.1,0.0,1.0,0.0,
|0200235920|19.10|0.00|1.200|0.000,CR PIPE  STAM290GA  JFE-CC,02,00,23,59,20,0200235920,19.1,0.0,1.2,0.0,
|0200235920|25.40|0.00|1.200|0.000,CR PIPE  STAM290GA  JFE-CC,02,00,23,59,20,0200235920,25.4,0.0,1.2,0.0,
|0200235920|28.60|0.00|1.000|0.000,CR PIPE  STAM290GA  JFE-CC,02,00,23,59,20,0200235920,28.6,0.0,1.0,0.0,
|0200235920|38.10|0.00|1.200|0.000,CR PIPE  STAM290GA  JFE-CC,02,00,23,59,20,0200235920,38.1,0.0,1.2,0.0,
|0200236041|12.70|0.00|1.200|0.000,CR PIPE  STAM390G  JFE-CA370,02,00,23,60,41,0200236041,12.7,0.0,1.2,0.0,
|0200236041|17.30|0.00|1.200|0.000,CR PIPE  STAM390G  JFE-CA370,02,00,23,60,41,0200236041,17.3,0.0,1.2,0.0,
|0200236041|19.10|0.00|1.200|0.000,CR PIPE  STAM390G  JFE-CA370,02,00,23,60,41,0200236041,19.1,0.0,1.2,0.0,
|0200236041|22.20|0.00|1.200|0.000,CR PIPE  STAM390G  JFE-CA370,02,00,23,60,41,0200236041,22.2,0.0,1.2,0.0,
|0200236041|28.60|0.00|1.200|0.000,CR PIPE  STAM390G  JFE-CA370,02,00,23,60,41,0200236041,28.6,0.0,1.2,0.0,
|0200236211|17.30|0.00|1.200|0.000,CR PIPE  STKMHT590  JFE-CA590Y1,02,00,23,62,11,0200236211,17.3,0.0,1.2,0.0,
|0200236211|19.10|0.00|1.200|0.000,CR PIPE  STKMHT590  JFE-CA590Y1,02,00,23,62,11,0200236211,19.1,0.0,1.2,0.0,
|0200236441|20.00|20.00|1.200|0.000,CR PIPE  STKMRR370  JFE-CA370,02,00,23,64,41,0200236441,20.0,20.0,1.2,0.0,
|0200236643|25.40|0.00|1.200|0.000,CR PIPE  STKM17AM  JFE-CA590Y1,02,00,23,66,43,0200236643,25.4,0.0,1.2,0.0,
|0200236643|28.60|0.00|1.200|0.000,CR PIPE  STKM17AM  JFE-CA590Y1,02,00,23,66,43,0200236643,28.6,0.0,1.2,0.0,
|0200262602|12.70|0.00|1.000|0.000,INOX PIPE  SUS304  SUS304 - 2B,02,00,26,26,02,0200262602,12.7,0.0,1.0,0.0,
|0200262602|42.70|0.00|1.000|0.000,INOX PIPE  SUS304  SUS304 - 2B,02,00,26,26,02,0200262602,42.7,0.0,1.0,0.0,
|0200262901|22.20|0.00|1.000|0.000,INOX PIPE  SUS409L  SUS409 - 2D,02,00,26,29,01,0200262901,22.2,0.0,1.0,0.0,
|0200262901|22.20|0.00|1.200|0.000,INOX PIPE  SUS409L  SUS409 - 2D,02,00,26,29,01,0200262901,22.2,0.0,1.2,0.0,
|0200262901|22.23|0.00|1.000|0.000,INOX PIPE  SUS409L  SUS409 - 2D,02,00,26,29,01,0200262901,22.23,0.0,1.0,0.0,
|0200262901|25.40|0.00|1.000|0.000,INOX PIPE  SUS409L  SUS409 - 2D,02,00,26,29,01,0200262901,25.4,0.0,1.0,0.0,
|0200262901|25.40|0.00|1.200|0.000,INOX PIPE  SUS409L  SUS409 - 2D,02,00,26,29,01,0200262901,25.4,0.0,1.2,0.0,
|0200262901|28.60|0.00|1.000|0.000,INOX PIPE  SUS409L  SUS409 - 2D,02,00,26,29,01,0200262901,28.6,0.0,1.0,0.0,
|0200262901|28.60|0.00|1.200|0.000,INOX PIPE  SUS409L  SUS409 - 2D,02,00,26,29,01,0200262901,28.6,0.0,1.2,0.0,
|0200262901|31.80|0.00|1.000|0.000,INOX PIPE  SUS409L  SUS409 - 2D,02,00,26,29,01,0200262901,31.8,0.0,1.0,0.0,
|0200262901|35.00|0.00|1.000|0.000,INOX PIPE  SUS409L  SUS409 - 2D,02,00,26,29,01,0200262901,35.0,0.0,1.0,0.0,
|0200262901|38.10|0.00|1.200|0.000,INOX PIPE  SUS409L  SUS409 - 2D,02,00,26,29,01,0200262901,38.1,0.0,1.2,0.0,
|0200262901|42.70|0.00|1.000|0.000,INOX PIPE  SUS409L  SUS409 - 2D,02,00,26,29,01,0200262901,42.7,0.0,1.0,0.0,
|0200262901|42.70|0.00|1.200|0.000,INOX PIPE  SUS409L  SUS409 - 2D,02,00,26,29,01,0200262901,42.7,0.0,1.2,0.0,
|0200262901|45.00|0.00|1.000|0.000,INOX PIPE  SUS409L  SUS409 - 2D,02,00,26,29,01,0200262901,45.0,0.0,1.0,0.0,
|0200262901|45.00|0.00|1.200|0.000,INOX PIPE  SUS409L  SUS409 - 2D,02,00,26,29,01,0200262901,45.0,0.0,1.2,0.0,
|0200262901|48.60|0.00|1.000|0.000,INOX PIPE  SUS409L  SUS409 - 2D,02,00,26,29,01,0200262901,48.6,0.0,1.0,0.0,
|0200262901|48.60|0.00|1.200|0.000,INOX PIPE  SUS409L  SUS409 - 2D,02,00,26,29,01,0200262901,48.6,0.0,1.2,0.0,
|0200262901|48.60|0.00|1.500|0.000,INOX PIPE  SUS409L  SUS409 - 2D,02,00,26,29,01,0200262901,48.6,0.0,1.5,0.0,
|0200262901|50.80|0.00|1.200|0.000,INOX PIPE  SUS409L  SUS409 - 2D,02,00,26,29,01,0200262901,50.8,0.0,1.2,0.0,
|0200262901|60.50|0.00|1.500|0.000,INOX PIPE  SUS409L  SUS409 - 2D,02,00,26,29,01,0200262901,60.5,0.0,1.5,0.0,
|0200263001|35.00|0.00|1.200|0.000,INOX PIPE  SUS436L  SUS436L,02,00,26,30,01,0200263001,35.0,0.0,1.2,0.0,
|0200263001|42.70|0.00|1.200|0.000,INOX PIPE  SUS436L  SUS436L,02,00,26,30,01,0200263001,42.7,0.0,1.2,0.0,
|9900610000|0.00|0.00|0.000|0.000,ng thp b li,99,00,61,00,00,9900610000,0.0,0.0,0.0,0.0,
|9900620000|0.00|0.00|0.000|0.000,ng thp b li ( Inox ),99,00,62,00,00,9900620000,0.0,0.0,0.0,0.0,
|9900630000|0.00|0.00|0.000|0.000,u ng thp ct tha,99,00,63,00,00,9900630000,0.0,0.0,0.0,0.0,
|9900640000|0.00|0.00|0.000|0.000,u ng thp ct tha ( Inox ),99,00,64,00,00,9900640000,0.0,0.0,0.0,0.0,
|9900650000|0.00|0.00|0.000|0.000,"Dy ai, tm thp bc ngoi cun thp",99,00,65,00,00,9900650000,0.0,0.0,0.0,0.0,
|9900660000|0.00|0.00|0.000|0.000,"Dy ai, tm thp bc ngoi cun thp ( Inox )",99,00,66,00,00,9900660000,0.0,0.0,0.0,0.0,
|9900670000|0.00|0.00|0.000|0.000,Phoi  thp,99,00,67,00,00,9900670000,0.0,0.0,0.0,0.0,
|9900680000|0.00|0.00|0.000|0.000,Phi thp ( Inox ),99,00,68,00,00,9900680000,0.0,0.0,0.0,0.0,
|9900690000|0.00|0.00|0.000|0.000,Ba carton,99,00,69,00,00,9900690000,0.0,0.0,0.0,0.0,
|9900700000|0.00|0.00|0.000|0.000,G Pallet,99,00,70,00,00,9900700000,0.0,0.0,0.0,0.0,
|9900710000|0.00|0.00|0.000|0.000,Dy in,99,00,71,00,00,9900710000,0.0,0.0,0.0,0.0,
|9900720000|0.00|0.00|0.000|0.000,ng di INOX,99,00,72,00,00,9900720000,0.0,0.0,0.0,0.0,
|9900730000|0.00|0.00|0.000|0.000,Dy phn si,99,00,73,00,00,9900730000,0.0,0.0,0.0,0.0,
|9900750000|0.00|0.00|0.000|0.000,,99,00,75,00,00,9900750000,0.0,0.0,0.0,0.0,
|9900760000|0.00|0.00|0.000|0.000,,99,00,76,00,00,9900760000,0.0,0.0,0.0,0.0,
|9900770000|0.00|0.00|0.000|0.000,,99,00,77,00,00,9900770000,0.0,0.0,0.0,0.0,
|9900780000|0.00|0.00|0.000|0.000,,99,00,78,00,00,9900780000,0.0,0.0,0.0,0.0,
|9900790000|0.00|0.00|0.000|0.000,Phoi Phn si,99,00,79,00,00,9900790000,0.0,0.0,0.0,0.0,
